delete from time_slot;
delete from advisor;
delete from takes;
delete from student;
delete from teaches;
delete from class;
delete from instructor;
delete from course;
delete from department;
delete from classroom;

INSERT INTO department (dept_name, building, budget) VALUES
('Khoa Cơ bản', 'A2', 1000008.90),
('Khoa Công nghệ thông tin', 'A1', 1200006.68),
('Khoa Viễn thông', 'A2', 900008.18),
('Khoa Kỹ thuật điện tử', 'A2', 110057.27),
('Khoa Đa phương tiện', 'A1', 91426502.21),
('Khoa Quản trị kinh doanh', 'A3', 892367.59),
('Khoa An toàn thông tin', 'A3', 1037283.52),
('Khoa Tài chính kế toán', 'A2', 999826.91);

INSERT INTO instructor (ID, name, dept_name, salary) VALUES
('GV001', 'Trịnh Kiều Trang', 'Khoa Cơ bản', 5200.00),
('GV002', 'Trần Quang Thắng', 'Khoa Cơ bản', 5300.00),
('GV003', 'Nguyễn Thị Hà', 'Khoa Cơ bản', 5400.00),
('GV004', 'Lê Văn Hùng', 'Khoa Cơ bản', 5500.00),
('GV005', 'Phạm Thu Hương', 'Khoa Cơ bản', 5600.00),
('GV006', 'Bùi Minh Đức', 'Khoa Cơ bản', 5700.00),
('GV007', 'Đinh Thị Hoa', 'Khoa Cơ bản', 5800.00),
('GV008', 'Hoàng Văn Khánh', 'Khoa Cơ bản', 5900.00),
('GV009', 'Vũ Thanh Hương', 'Khoa Công nghệ thông tin', 6000.00),
('GV010', 'Đỗ Văn Nam', 'Khoa Công nghệ thông tin', 6100.00),
('GV011', 'Hồ Thị Mai', 'Khoa Công nghệ thông tin', 6200.00),
('GV012', 'Nguyễn Hoàng Anh', 'Khoa Công nghệ thông tin', 6300.00),
('GV013', 'Lê Minh Tuấn', 'Khoa Công nghệ thông tin', 6400.00),
('GV014', 'Trần Thanh Bình', 'Khoa Công nghệ thông tin', 6500.00),
('GV015', 'Phạm Thu Trang', 'Khoa Công nghệ thông tin', 6600.00),
('GV016', 'Võ Ngọc Lan', 'Khoa Công nghệ thông tin', 6700.00),
('GV017', 'Đặng Thị Loan', 'Khoa Công nghệ thông tin', 6800.00),
('GV018', 'Nguyễn Văn Hùng', 'Khoa Công nghệ thông tin', 6900.00),
('GV019', 'Bùi Văn Khánh', 'Khoa Công nghệ thông tin', 7000.00),
('GV020', 'Hoàng Thị Lan', 'Khoa Công nghệ thông tin', 7100.00),
('GV021', 'Trịnh Thị Ngân', 'Khoa Công nghệ thông tin', 7200.00),
('GV022', 'Phạm Minh Châu', 'Khoa Công nghệ thông tin', 7300.00),
('GV023', 'Lê Thị Thu', 'Khoa Công nghệ thông tin', 7400.00),
('GV024', 'Nguyễn Văn Hải', 'Khoa Công nghệ thông tin', 7500.00),
('GV025', 'Nguyễn Đức Anh', 'Khoa Viễn thông', 5200.00),
('GV026', 'Phạm Quang Huy', 'Khoa Viễn thông', 5300.00),
('GV027', 'Lê Thanh Tùng', 'Khoa Viễn thông', 5400.00),
('GV028', 'Trần Minh Đức', 'Khoa Viễn thông', 5500.00),
('GV029', 'Hoàng Thị Lan', 'Khoa Viễn thông', 5600.00),
('GV030', 'Nguyễn Văn Sơn', 'Khoa Viễn thông', 5700.00),
('GV031', 'Phạm Thị Hoa', 'Khoa Viễn thông', 5800.00),
('GV032', 'Lê Văn Nam', 'Khoa Viễn thông', 5900.00),
('GV033', 'Vũ Thị Thanh', 'Khoa Viễn thông', 6000.00),
('GV034', 'Đỗ Văn Long', 'Khoa Viễn thông', 6100.00),
('GV035', 'Nguyễn Hữu Nghĩa', 'Khoa Viễn thông', 6200.00),
('GV036', 'Trần Thị Mai', 'Khoa Kỹ thuật điện tử', 6300.00),
('GV037', 'Phạm Văn Hùng', 'Khoa Kỹ thuật điện tử', 6400.00),
('GV038', 'Lê Thị Nga', 'Khoa Kỹ thuật điện tử', 6500.00),
('GV039', 'Trịnh Minh Quân', 'Khoa Kỹ thuật điện tử', 6600.00),
('GV040', 'Hoàng Văn Tuấn', 'Khoa Kỹ thuật điện tử', 6700.00),
('GV041', 'Phạm Đức Huy', 'Khoa Kỹ thuật điện tử', 6800.00),
('GV042', 'Nguyễn Thị Thu', 'Khoa Kỹ thuật điện tử', 6900.00),
('GV043', 'Lê Minh Hương', 'Khoa Kỹ thuật điện tử', 7000.00),
('GV044', 'Trần Văn Phú', 'Khoa Kỹ thuật điện tử', 7100.00),
('GV045', 'Phạm Thị Dung', 'Khoa Kỹ thuật điện tử', 7200.00),
('GV046', 'Nguyễn Thị Hằng', 'Khoa Kỹ thuật điện tử', 7300.00),
('GV047', 'Lê Văn Hòa', 'Khoa Kỹ thuật điện tử', 7400.00),
('GV048', 'Trần Thị Hiền', 'Khoa Kỹ thuật điện tử', 7500.00),
('GV049', 'Nguyễn Anh Tuấn', 'Khoa Đa phương tiện', 5200.00),
('GV050', 'Phạm Văn Hòa', 'Khoa Đa phương tiện', 5300.00),
('GV051', 'Lê Thị Huyền', 'Khoa Đa phương tiện', 5400.00),
('GV052', 'Trần Văn Bình', 'Khoa Đa phương tiện', 5500.00),
('GV053', 'Hoàng Văn Minh', 'Khoa Đa phương tiện', 5600.00),
('GV054', 'Nguyễn Thị Lan', 'Khoa Đa phương tiện', 5700.00),
('GV055', 'Phạm Minh Châu', 'Khoa Đa phương tiện', 5800.00),
('GV056', 'Lê Thanh Hải', 'Khoa Đa phương tiện', 5900.00),
('GV057', 'Vũ Văn Tuấn', 'Khoa Đa phương tiện', 6000.00),
('GV058', 'Đỗ Thị Mai', 'Khoa Quản trị kinh doanh', 6100.00),
('GV059', 'Nguyễn Hữu Bình', 'Khoa Quản trị kinh doanh', 6200.00),
('GV060', 'Trần Văn Hùng', 'Khoa Quản trị kinh doanh', 6300.00),
('GV061', 'Phạm Văn Hà', 'Khoa Quản trị kinh doanh', 6400.00),
('GV062', 'Lê Thị Dung', 'Khoa Quản trị kinh doanh', 6500.00),
('GV063', 'Nguyễn Văn Long', 'Khoa Quản trị kinh doanh', 6600.00),
('GV064', 'Phạm Minh Tuấn', 'Khoa Quản trị kinh doanh', 6700.00),
('GV065', 'Lê Thị Hoa', 'Khoa Quản trị kinh doanh', 6800.00),
('GV066', 'Trần Văn Dũng', 'Khoa Quản trị kinh doanh', 6900.00),
('GV067', 'Nguyễn Hữu Hưng', 'Khoa Quản trị kinh doanh', 7000.00),
('GV068', 'Phạm Thanh Hương', 'Khoa An toàn thông tin', 7100.00),
('GV069', 'Lê Văn Phúc', 'Khoa An toàn thông tin', 7200.00),
('GV070', 'Trịnh Thị Thanh', 'Khoa An toàn thông tin', 7300.00),
('GV071', 'Nguyễn Văn Bình', 'Khoa An toàn thông tin', 7400.00),
('GV072', 'Phạm Minh Quân', 'Khoa An toàn thông tin', 5200.00),
('GV073', 'Lê Thanh Hà', 'Khoa An toàn thông tin', 5300.00),
('GV074', 'Nguyễn Văn Khánh', 'Khoa An toàn thông tin', 5400.00),
('GV075', 'Trần Thị Lan', 'Khoa An toàn thông tin', 5500.00),
('GV076', 'Phạm Văn Bình', 'Khoa An toàn thông tin', 5600.00),
('GV077', 'Lê Thị Thu', 'Khoa An toàn thông tin', 5700.00),
('GV078', 'Nguyễn Văn Dũng', 'Khoa An toàn thông tin', 5800.00),
('GV079', 'Trần Minh Đức', 'Khoa Tài chính kế toán', 5900.00),
('GV080', 'Phạm Thị Mai', 'Khoa Tài chính kế toán', 6000.00),
('GV081', 'Lê Thị Hương', 'Khoa Tài chính kế toán', 6100.00),
('GV082', 'Nguyễn Văn Hải', 'Khoa Tài chính kế toán', 6200.00),
('GV083', 'Trần Văn Tuấn', 'Khoa Tài chính kế toán', 6300.00),
('GV084', 'Phạm Thị Hoa', 'Khoa Tài chính kế toán', 6400.00),
('GV085', 'Nguyễn Văn Đức', 'Khoa Tài chính kế toán', 6500.00),
('GV086', 'Trần Thị Thúy', 'Khoa Tài chính kế toán', 6600.00);

INSERT INTO student (ID, name, dept_name, tot_cred) VALUES
('B23DCCN001', 'Nguyễn Văn An', 'Khoa Công nghệ thông tin', 20),
('B23DCCN002', 'Trần Thị Bích', 'Khoa Công nghệ thông tin', 20),
('B23DCCN003', 'Lê Văn Cường', 'Khoa Công nghệ thông tin', 20),
('B23DCCN004', 'Phạm Thị Dung', 'Khoa Công nghệ thông tin', 21),
('B23DCCN005', 'Hoàng Văn Đức', 'Khoa Công nghệ thông tin', 20),
('B23DCCN006', 'Nguyễn Thị Hoa', 'Khoa Công nghệ thông tin', 20),
('B23DCCN007', 'Vũ Văn Hùng', 'Khoa Công nghệ thông tin', 22),
('B23DCCN008', 'Phạm Văn Huy', 'Khoa Công nghệ thông tin', 20),
('B23DCCN009', 'Trần Văn Khải', 'Khoa Công nghệ thông tin', 20),
('B23DCCN010', 'Lê Thị Lan', 'Khoa Công nghệ thông tin', 23),
('B23DCCN011', 'Nguyễn Minh Khoa', 'Khoa Công nghệ thông tin', 20),
('B23DCCN012', 'Trần Thanh Mai', 'Khoa Công nghệ thông tin', 20),
('B23DCCN013', 'Lê Quốc Nam', 'Khoa Công nghệ thông tin', 21),
('B23DCCN014', 'Phạm Khánh Ngọc', 'Khoa Công nghệ thông tin', 20),
('B23DCCN015', 'Hoàng Bảo Nguyên', 'Khoa Công nghệ thông tin', 20),
('B23DCCN016', 'Nguyễn Anh Phong', 'Khoa Công nghệ thông tin', 20),
('B23DCCN017', 'Vũ Hồng Quân', 'Khoa Công nghệ thông tin', 20),
('B23DCCN018', 'Phạm Minh Quang', 'Khoa Công nghệ thông tin', 20),
('B23DCCN019', 'Trần Văn Sơn', 'Khoa Công nghệ thông tin', 20),
('B23DCCN020', 'Lê Thị Thu', 'Khoa Công nghệ thông tin', 21),
('B23DCCN021', 'Nguyễn Văn Thanh', 'Khoa Công nghệ thông tin', 20),
('B23DCCN022', 'Trần Thị Tuyết', 'Khoa Công nghệ thông tin', 20),
('B23DCCN023', 'Lê Văn Tùng', 'Khoa Công nghệ thông tin', 20),
('B23DCCN024', 'Phạm Thị Vân', 'Khoa Công nghệ thông tin', 20),
('B23DCCN025', 'Hoàng Thị Xuân', 'Khoa Công nghệ thông tin', 20),
('B23DCCN026', 'Nguyễn Hữu Bình', 'Khoa Công nghệ thông tin', 20),
('B23DCCN027', 'Trần Đình Chương', 'Khoa Công nghệ thông tin', 20),
('B23DCCN028', 'Lê Văn Dũng', 'Khoa Công nghệ thông tin', 20),
('B23DCCN029', 'Phạm Đức Hạnh', 'Khoa Công nghệ thông tin', 20),
('B23DCCN030', 'Hoàng Ngọc Huyền', 'Khoa Công nghệ thông tin', 20),
('B23DCCN031', 'Nguyễn Văn Phúc', 'Khoa Công nghệ thông tin', 20),
('B23DCCN032', 'Trần Thị Hương', 'Khoa Công nghệ thông tin', 20),
('B23DCCN033', 'Lê Văn Bình', 'Khoa Công nghệ thông tin', 20),
('B23DCCN034', 'Phạm Minh Huy', 'Khoa Công nghệ thông tin', 21),
('B23DCCN035', 'Hoàng Bảo Hưng', 'Khoa Công nghệ thông tin', 20),
('B23DCCN036', 'Nguyễn Quốc Khánh', 'Khoa Công nghệ thông tin', 20),
('B23DCCN037', 'Trần Văn Kiên', 'Khoa Công nghệ thông tin', 20),
('B23DCCN038', 'Lê Thị Lan Anh', 'Khoa Công nghệ thông tin', 20),
('B23DCCN039', 'Phạm Thị Lan Hương', 'Khoa Công nghệ thông tin', 20),
('B23DCCN040', 'Hoàng Minh Tâm', 'Khoa Công nghệ thông tin', 20),
('B23DCCN041', 'Nguyễn Thu Thủy', 'Khoa Công nghệ thông tin', 20),
('B23DCCN042', 'Trần Văn Thắng', 'Khoa Công nghệ thông tin', 20),
('B23DCCN043', 'Lê Thị Thu Hà', 'Khoa Công nghệ thông tin', 20),
('B23DCCN044', 'Phạm Văn Hoàng', 'Khoa Công nghệ thông tin', 20),
('B23DCCN045', 'Hoàng Thị Kim', 'Khoa Công nghệ thông tin', 20),
('B23DCCN046', 'Nguyễn Thị Hồng', 'Khoa Công nghệ thông tin', 20),
('B23DCCN047', 'Trần Văn Hải', 'Khoa Công nghệ thông tin', 20),
('B23DCCN048', 'Lê Thị Kim', 'Khoa Công nghệ thông tin', 20),
('B23DCCN049', 'Phạm Văn Đức', 'Khoa Công nghệ thông tin', 20),
('B23DCCN050', 'Nguyễn Thị Trang', 'Khoa Công nghệ thông tin', 20),
('B23DCCN051', 'Trần Văn Tuấn', 'Khoa Công nghệ thông tin', 20),
('B23DCCN052', 'Nguyễn Thị Hà', 'Khoa Công nghệ thông tin', 20),
('B23DCCN053', 'Hoàng Văn Tài', 'Khoa Công nghệ thông tin', 20),
('B23DCCN054', 'Phạm Thị Huệ', 'Khoa Công nghệ thông tin', 20),
('B23DCCN055', 'Nguyễn Đức Minh', 'Khoa Công nghệ thông tin', 20),
('B23DCCN056', 'Trần Văn Hào', 'Khoa Công nghệ thông tin', 20),
('B23DCCN057', 'Hoàng Văn Tâm', 'Khoa Công nghệ thông tin', 20),
('B23DCCN058', 'Nguyễn Thị Ngọc', 'Khoa Công nghệ thông tin', 20),
('B23DCCN059', 'Trần Văn Đạt', 'Khoa Công nghệ thông tin', 20),
('B23DCCN060', 'Nguyễn Thị Linh', 'Khoa Công nghệ thông tin', 20),
('B23DCCN061', 'Trần Văn Đức', 'Khoa Công nghệ thông tin', 20),
('B23DCCN062', 'Nguyễn Thị Hạnh', 'Khoa Công nghệ thông tin', 20),
('B23DCCN063', 'Lê Văn Phát', 'Khoa Công nghệ thông tin', 20),
('B23DCCN064', 'Phạm Thị Ngọc', 'Khoa Công nghệ thông tin', 20),
('B23DCCN065', 'Nguyễn Văn Lâm', 'Khoa Công nghệ thông tin', 20),
('B23DCCN066', 'Trần Thị Thủy', 'Khoa Công nghệ thông tin', 20),
('B23DCCN067', 'Nguyễn Thị Hương', 'Khoa Công nghệ thông tin', 20),
('B23DCCN068', 'Phạm Văn Thắng', 'Khoa Công nghệ thông tin', 20),
('B23DCCN069', 'Hoàng Văn Hòa', 'Khoa Công nghệ thông tin', 20),
('B23DCCN070', 'Nguyễn Thị Mai', 'Khoa Công nghệ thông tin', 20),
('B23DCCN071', 'Trần Văn Đức', 'Khoa Công nghệ thông tin', 20),
('B23DCCN072', 'Nguyễn Thị Thu', 'Khoa Công nghệ thông tin', 20),
('B23DCCN073', 'Lê Văn Minh', 'Khoa Công nghệ thông tin', 20),
('B23DCCN074', 'Phạm Thị Hằng', 'Khoa Công nghệ thông tin', 20),
('B23DCCN075', 'Nguyễn Văn Thanh', 'Khoa Công nghệ thông tin', 20),
('B23DCCN076', 'Trần Thị Thúy', 'Khoa Công nghệ thông tin', 20),
('B23DCCN077', 'Nguyễn Văn Hùng', 'Khoa Công nghệ thông tin', 20),
('B23DCCN078', 'Phạm Thị Loan', 'Khoa Công nghệ thông tin', 20),
('B23DCCN079', 'Hoàng Văn Quân', 'Khoa Công nghệ thông tin', 20),
('B23DCCN080', 'Nguyễn Thị Thảo', 'Khoa Công nghệ thông tin', 20),
('B23DCCN081', 'Trần Văn Lâm', 'Khoa Công nghệ thông tin', 20),
('B23DCCN082', 'Nguyễn Thị Hồng', 'Khoa Công nghệ thông tin', 20),
('B23DCCN083', 'Lê Văn Long', 'Khoa Công nghệ thông tin', 20),
('B23DCCN084', 'Phạm Thị Phương', 'Khoa Công nghệ thông tin', 20),
('B23DCCN085', 'Nguyễn Văn Tiến', 'Khoa Công nghệ thông tin', 20),
('B23DCCN086', 'Trần Thị Diệu', 'Khoa Công nghệ thông tin', 20),
('B23DCCN087', 'Nguyễn Văn Hải', 'Khoa Công nghệ thông tin', 20),
('B23DCCN088', 'Lê Thị Phương', 'Khoa Công nghệ thông tin', 20),
('B23DCCN089', 'Phạm Văn Nam', 'Khoa Công nghệ thông tin', 20),
('B23DCCN090', 'Hoàng Thị Hạnh', 'Khoa Công nghệ thông tin', 20),
('B23DCCN091', 'Nguyễn Văn Hưng', 'Khoa Công nghệ thông tin', 20),
('B23DCCN092', 'Trần Thị Hà', 'Khoa Công nghệ thông tin', 20),
('B23DCCN093', 'Lê Văn Khánh', 'Khoa Công nghệ thông tin', 20),
('B23DCCN094', 'Phạm Thị Minh', 'Khoa Công nghệ thông tin', 19),
('B23DCCN095', 'Nguyễn Văn Tuấn', 'Khoa Công nghệ thông tin', 20),
('B23DCCN096', 'Trần Thị Thơ', 'Khoa Công nghệ thông tin', 20),
('B23DCCN097', 'Lê Văn Hùng', 'Khoa Công nghệ thông tin', 20),
('B23DCCN098', 'Phạm Thị Hiền', 'Khoa Công nghệ thông tin', 20),
('B23DCCN099', 'Hoàng Văn Hải', 'Khoa Công nghệ thông tin', 20),
('B23DCCN100', 'Nguyễn Thị Hòa', 'Khoa Công nghệ thông tin', 20),
('B23DCCN101', 'Trần Văn Hòa', 'Khoa Công nghệ thông tin', 18),
('B23DCCN102', 'Lê Thị Lan', 'Khoa Công nghệ thông tin', 20),
('B23DCCN103', 'Phạm Văn Đức', 'Khoa Công nghệ thông tin', 18),
('B23DCCN104', 'Nguyễn Thị Thủy', 'Khoa Công nghệ thông tin', 20),
('B23DCCN105', 'Trần Văn Thành', 'Khoa Công nghệ thông tin', 20),
('B23DCCN106', 'Hoàng Văn Khánh', 'Khoa Công nghệ thông tin', 20),
('B23DCCN107', 'Nguyễn Thị Hiếu', 'Khoa Công nghệ thông tin', 20),
('B23DCCN108', 'Lê Văn Đức', 'Khoa Công nghệ thông tin', 20),
('B23DCCN109', 'Phạm Thị Thanh', 'Khoa Công nghệ thông tin', 20),
('B23DCCN110', 'Nguyễn Văn Phú', 'Khoa Công nghệ thông tin', 18),
('B23DCCN111', 'Trần Thị Thu', 'Khoa Công nghệ thông tin', 20),
('B23DCCN112', 'Lê Văn Thanh', 'Khoa Công nghệ thông tin', 20),
('B23DCCN113', 'Phạm Thị Lan', 'Khoa Công nghệ thông tin', 20),
('B23DCCN114', 'Nguyễn Văn Thịnh', 'Khoa Công nghệ thông tin', 20),
('B23DCCN115', 'Trần Thị Huệ', 'Khoa Công nghệ thông tin', 20),
('B23DCCN116', 'Lê Văn Quân', 'Khoa Công nghệ thông tin', 20),
('B23DCCN117', 'Phạm Thị Hồng', 'Khoa Công nghệ thông tin', 20),
('B23DCCN118', 'Nguyễn Văn Tiến', 'Khoa Công nghệ thông tin', 20),
('B23DCCN119', 'Trần Thị Thảo', 'Khoa Công nghệ thông tin', 20),
('B23DCCN120', 'Lê Văn Dương', 'Khoa Công nghệ thông tin', 20),
('B23DCCN121', 'Phạm Thị Hoa', 'Khoa Công nghệ thông tin', 0),
('B23DCCN122', 'Nguyễn Văn Hiệp', 'Khoa Công nghệ thông tin', 20),
('B23DCCN123', 'Trần Thị Lan', 'Khoa Công nghệ thông tin', 20),
('B23DCCN124', 'Lê Văn Nam', 'Khoa Công nghệ thông tin', 20),
('B23DCCN125', 'Phạm Thị Diệu', 'Khoa Công nghệ thông tin', 20),
('B23DCCN126', 'Nguyễn Văn Hùng', 'Khoa Công nghệ thông tin', 19),
('B23DCCN127', 'Trần Thị Hương', 'Khoa Công nghệ thông tin', 21),
('B23DCCN128', 'Nguyễn Văn Tú', 'Khoa Công nghệ thông tin', 20),
('B23DCCN129', 'Phạm Thị Trang', 'Khoa Công nghệ thông tin', 22),
('B23DCCN130', 'Hoàng Văn Hòa', 'Khoa Công nghệ thông tin', 20),
('B23DCCN131', 'Lê Thị Thu Hà', 'Khoa Công nghệ thông tin', 23),
('B23DCCN132', 'Nguyễn Văn Quang', 'Khoa Công nghệ thông tin', 20),
('B23DCCN133', 'Trần Thị Hồng', 'Khoa Công nghệ thông tin', 20),
('B23DCCN134', 'Phạm Văn Sơn', 'Khoa Công nghệ thông tin', 21),
('B23DCCN135', 'Nguyễn Thị Mai', 'Khoa Công nghệ thông tin', 20),
('B23DCCN136', 'Lê Văn Hà', 'Khoa Công nghệ thông tin', 20),
('B23DCCN137', 'Trần Thị Thu', 'Khoa Công nghệ thông tin', 22),
('B23DCCN138', 'Hoàng Văn Long', 'Khoa Công nghệ thông tin', 20),
('B23DCCN139', 'Nguyễn Thị Huệ', 'Khoa Công nghệ thông tin', 20),
('B23DCCN140', 'Lê Văn Định', 'Khoa Công nghệ thông tin', 23),
('B23DCCN141', 'Phạm Thị Hằng', 'Khoa Công nghệ thông tin', 20),
('B23DCCN142', 'Nguyễn Văn Duy', 'Khoa Công nghệ thông tin', 21);

INSERT INTO student (ID, name, dept_name, tot_cred) VALUES
('B23DCAT001', 'Trần Thị Hương', 'Khoa An toàn thông tin', 20),
('B23DCAT002', 'Nguyễn Văn Tú', 'Khoa An toàn thông tin', 20),
('B23DCAT003', 'Phạm Thị Trang', 'Khoa An toàn thông tin', 22),
('B23DCAT004', 'Hoàng Văn Hòa', 'Khoa An toàn thông tin', 20),
('B23DCAT005', 'Lê Thị Thu Hà', 'Khoa An toàn thông tin', 23),
('B23DCAT006', 'Nguyễn Văn Quang', 'Khoa An toàn thông tin', 20),
('B23DCAT007', 'Trần Thị Hồng', 'Khoa An toàn thông tin', 20),
('B23DCAT008', 'Phạm Văn Sơn', 'Khoa An toàn thông tin', 21),
('B23DCAT009', 'Nguyễn Thị Mai', 'Khoa An toàn thông tin', 20),
('B23DCAT010', 'Lê Văn Hà', 'Khoa An toàn thông tin', 20),
('B23DCAT011', 'Trần Thị Thu', 'Khoa An toàn thông tin', 22),
('B23DCAT012', 'Hoàng Văn Long', 'Khoa An toàn thông tin', 20),
('B23DCAT013', 'Nguyễn Thị Huệ', 'Khoa An toàn thông tin', 20),
('B23DCAT014', 'Lê Văn Định', 'Khoa An toàn thông tin', 23),
('B23DCAT015', 'Phạm Thị Hằng', 'Khoa An toàn thông tin', 20),
('B23DCAT016', 'Nguyễn Văn Duy', 'Khoa An toàn thông tin', 21),
('B23DCAT017', 'Trần Thị Thu Hà', 'Khoa An toàn thông tin', 20),
('B23DCAT018', 'Hoàng Văn Quân', 'Khoa An toàn thông tin', 20),
('B23DCAT019', 'Nguyễn Thị Ngọc', 'Khoa An toàn thông tin', 20),
('B23DCAT020', 'Lê Văn Nam', 'Khoa An toàn thông tin', 22),
('B23DCAT021', 'Phạm Thị Hạnh', 'Khoa An toàn thông tin', 20),
('B23DCAT022', 'Nguyễn Văn Hùng', 'Khoa An toàn thông tin', 20),
('B23DCAT023', 'Trần Thị Thúy', 'Khoa An toàn thông tin', 23),
('B23DCAT024', 'Hoàng Văn Hiệp', 'Khoa An toàn thông tin', 20),
('B23DCAT025', 'Nguyễn Thị Hoa', 'Khoa An toàn thông tin', 20),
('B23DCAT026', 'Lê Văn Thắng', 'Khoa An toàn thông tin', 21),
('B23DCAT027', 'Phạm Thị Linh', 'Khoa An toàn thông tin', 20),
('B23DCAT028', 'Nguyễn Văn Thanh', 'Khoa An toàn thông tin', 20),
('B23DCAT029', 'Trần Thị Hà', 'Khoa An toàn thông tin', 22),
('B23DCAT030', 'Lê Văn Tuấn', 'Khoa An toàn thông tin', 20),
('B23DCAT031', 'Phạm Thị Thu', 'Khoa An toàn thông tin', 20),
('B23DCAT032', 'Nguyễn Văn Nam', 'Khoa An toàn thông tin', 20),
('B23DCAT033', 'Trần Thị Mai', 'Khoa An toàn thông tin', 21),
('B23DCAT034', 'Lê Văn Hùng', 'Khoa An toàn thông tin', 20),
('B23DCAT035', 'Phạm Thị Hương', 'Khoa An toàn thông tin', 20),
('B23DCAT036', 'Nguyễn Văn Đức', 'Khoa An toàn thông tin', 23),
('B23DCAT037', 'Trần Thị Ngọc', 'Khoa An toàn thông tin', 20),
('B23DCAT038', 'Lê Văn Dũng', 'Khoa An toàn thông tin', 20),
('B23DCAT039', 'Phạm Thị Thùy', 'Khoa An toàn thông tin', 22),
('B23DCAT040', 'Nguyễn Văn Tâm', 'Khoa An toàn thông tin', 20),
('B23DCAT041', 'Trần Thị Huyền', 'Khoa An toàn thông tin', 20),
('B23DCAT042', 'Lê Văn Đăng', 'Khoa An toàn thông tin', 20),
('B23DCAT043', 'Phạm Thị Hà', 'Khoa An toàn thông tin', 20),
('B23DCAT044', 'Nguyễn Văn Thắng', 'Khoa An toàn thông tin', 20),
('B23DCAT045', 'Trần Thị Hồng', 'Khoa An toàn thông tin', 23),
('B23DCAT046', 'Nguyễn Văn Hải', 'Khoa An toàn thông tin', 20),
('B23DCAT047', 'Phạm Thị Lan', 'Khoa An toàn thông tin', 22),
('B23DCAT048', 'Trần Văn Minh', 'Khoa An toàn thông tin', 20),
('B23DCAT049', 'Lê Thị Thùy', 'Khoa An toàn thông tin', 20),
('B23DCAT051', 'Đặng Thị Ánh', 'Khoa An toàn thông tin', 20),
('B23DCAT052', 'Đinh Văn An', 'Khoa An toàn thông tin', 20),
('B23DCAT053', 'Đỗ Thị Anh', 'Khoa An toàn thông tin', 22),
('B23DCAT054', 'Hoàng Văn Bảo', 'Khoa An toàn thông tin', 20),
('B23DCAT055', 'Lê Thị Bình', 'Khoa An toàn thông tin', 23),
('B23DCAT056', 'Lý Văn Cường', 'Khoa An toàn thông tin', 20),
('B23DCAT057', 'Mai Thị Dung', 'Khoa An toàn thông tin', 20),
('B23DCAT058', 'Ngô Văn Đạt', 'Khoa An toàn thông tin', 21),
('B23DCAT059', 'Nguyễn Thị Diễm', 'Khoa An toàn thông tin', 20),
('B23DCAT060', 'Nguyễn Văn Đức', 'Khoa An toàn thông tin', 20),
('B23DCAT061', 'Nguyễn Thị Dương', 'Khoa An toàn thông tin', 22),
('B23DCAT062', 'Nguyễn Văn Dũng', 'Khoa An toàn thông tin', 20),
('B23DCAT063', 'Phạm Thị Dung', 'Khoa An toàn thông tin', 20),
('B23DCAT064', 'Phạm Văn Đông', 'Khoa An toàn thông tin', 23),
('B23DCAT065', 'Phan Thị Điểm', 'Khoa An toàn thông tin', 20),
('B23DCAT066', 'Phan Văn Đức', 'Khoa An toàn thông tin', 21),
('B23DCAT067', 'Phùng Thị Diễm', 'Khoa An toàn thông tin', 20),
('B23DCAT068', 'Trần Thị Duyên', 'Khoa An toàn thông tin', 20),
('B23DCAT069', 'Trần Văn Duy', 'Khoa An toàn thông tin', 20),
('B23DCAT070', 'Vũ Thị Đào', 'Khoa An toàn thông tin', 22),
('B23DCAT071', 'Vương Văn Đạt', 'Khoa An toàn thông tin', 20),
('B23DCAT072', 'Bùi Thị Diệu', 'Khoa An toàn thông tin', 20),
('B23DCAT073', 'Đào Văn Đức', 'Khoa An toàn thông tin', 20),
('B23DCAT074', 'Đinh Thị Dung', 'Khoa An toàn thông tin', 20),
('B23DCAT075', 'Đỗ Văn Dũng', 'Khoa An toàn thông tin', 20),
('B23DCAT076', 'Hoàng Thị Diễm', 'Khoa An toàn thông tin', 20),
('B23DCAT077', 'Lê Văn Đạt', 'Khoa An toàn thông tin', 20),
('B23DCAT078', 'Lý Thị Duyên', 'Khoa An toàn thông tin', 20),
('B23DCAT079', 'Mạc Văn Đức', 'Khoa An toàn thông tin', 23),
('B23DCAT080', 'Ngô Thị Dung', 'Khoa An toàn thông tin', 20),
('B23DCAT081', 'Nguyễn Thành Đạt', 'Khoa An toàn thông tin', 20),
('B23DCAT082', 'Nguyễn Thị Diệu', 'Khoa An toàn thông tin', 20),
('B23DCAT083', 'Nguyễn Thị Điệp', 'Khoa An toàn thông tin', 21),
('B23DCAT084', 'Nguyễn Văn Đông', 'Khoa An toàn thông tin', 20),
('B23DCAT085', 'Phạm Thị Diễm', 'Khoa An toàn thông tin', 20),
('B23DCAT086', 'Phan Văn Đức', 'Khoa An toàn thông tin', 23),
('B23DCAT087', 'Phùng Thị Dung', 'Khoa An toàn thông tin', 20),
('B23DCAT088', 'Trần Thị Đào', 'Khoa An toàn thông tin', 20),
('B23DCAT089', 'Trần Văn Đạt', 'Khoa An toàn thông tin', 20),
('B23DCAT090', 'Vũ Thị Diễm', 'Khoa An toàn thông tin', 20),
('B23DCAT091', 'Bùi Văn Điệp', 'Khoa An toàn thông tin', 20),
('B23DCAT092', 'Đào Thị Diễm', 'Khoa An toàn thông tin', 20),
('B23DCAT093', 'Đinh Văn Đức', 'Khoa An toàn thông tin', 20),
('B23DCAT094', 'Đỗ Thị Dung', 'Khoa An toàn thông tin', 20),
('B23DCAT095', 'Hoàng Văn Đạt', 'Khoa An toàn thông tin', 20),
('B23DCAT096', 'Lê Thị Diễm', 'Khoa An toàn thông tin', 20),
('B23DCAT097', 'Lý Văn Đức', 'Khoa An toàn thông tin', 20),
('B23DCAT098', 'Mạc Thị Dung', 'Khoa An toàn thông tin', 20),
('B23DCAT099', 'Ngô Thị Đào', 'Khoa An toàn thông tin', 20),
('B23DCAT100', 'Nguyễn Thành Đức', 'Khoa An toàn thông tin', 20),
('B23DCAT101', 'Nguyễn Thị Dương', 'Khoa An toàn thông tin', 22),
('B23DCAT102', 'Nguyễn Văn Dũng', 'Khoa An toàn thông tin', 20),
('B23DCAT103', 'Phạm Thị Dung', 'Khoa An toàn thông tin', 20),
('B23DCAT104', 'Phạm Văn Đông', 'Khoa An toàn thông tin', 23),
('B23DCAT105', 'Phan Thị Điểm', 'Khoa An toàn thông tin', 20),
('B23DCAT106', 'Phan Văn Đức', 'Khoa An toàn thông tin', 21),
('B23DCAT107', 'Phùng Thị Diễm', 'Khoa An toàn thông tin', 20),
('B23DCAT108', 'Trần Thị Duyên', 'Khoa An toàn thông tin', 20),
('B23DCAT109', 'Trần Văn Duy', 'Khoa An toàn thông tin', 20),
('B23DCAT110', 'Vũ Thị Đào', 'Khoa An toàn thông tin', 22),
('B23DCAT111', 'Vương Văn Đạt', 'Khoa An toàn thông tin', 20),
('B23DCAT112', 'Bùi Thị Diệu', 'Khoa An toàn thông tin', 20);

INSERT INTO student (ID, name, dept_name, tot_cred) VALUES
('B23DCPT001', 'Bùi Thị An', 'Khoa Đa phương tiện', 19),
('B23DCPT002', 'Đặng Văn Bình', 'Khoa Đa phương tiện', 21),
('B23DCPT003', 'Hoàng Thị Cúc', 'Khoa Đa phương tiện', 20),
('B23DCPT004', 'Lê Văn Đạt', 'Khoa Đa phương tiện', 22),
('B23DCPT005', 'Nguyễn Thị Đào', 'Khoa Đa phương tiện', 23),
('B23DCPT006', 'Phạm Văn Hải', 'Khoa Đa phương tiện', 20),
('B23DCPT007', 'Trần Thị Hằng', 'Khoa Đa phương tiện', 20),
('B23DCPT008', 'Vương Văn Khoa', 'Khoa Đa phương tiện', 21),
('B23DCPT009', 'Bùi Thị Lan', 'Khoa Đa phương tiện', 20),
('B23DCPT010', 'Đặng Văn Long', 'Khoa Đa phương tiện', 20),
('B23DCPT011', 'Hoàng Văn Mạnh', 'Khoa Đa phương tiện', 19),
('B23DCPT012', 'Lê Thị Ngọc', 'Khoa Đa phương tiện', 22),
('B23DCPT013', 'Nguyễn Văn Phong', 'Khoa Đa phương tiện', 20),
('B23DCPT014', 'Phạm Thị Quỳnh', 'Khoa Đa phương tiện', 20),
('B23DCPT015', 'Trần Văn Sơn', 'Khoa Đa phương tiện', 21),
('B23DCPT016', 'Võ Thị Thu', 'Khoa Đa phương tiện', 20),
('B23DCPT017', 'Bùi Văn Thành', 'Khoa Đa phương tiện', 20),
('B23DCPT018', 'Đinh Thị Uyên', 'Khoa Đa phương tiện', 22),
('B23DCPT019', 'Hoàng Thị Vân', 'Khoa Đa phương tiện', 20),
('B23DCPT020', 'Lê Văn Xuân', 'Khoa Đa phương tiện', 21),
('B23DCPT021', 'Nguyễn Thị Yến', 'Khoa Đa phương tiện', 20),
('B23DCPT022', 'Nguyễn Thị Bảo', 'Khoa Đa phương tiện', 20),
('B23DCPT023', 'Phan Văn Cường', 'Khoa Đa phương tiện', 21),
('B23DCPT024', 'Trần Thị Diệu', 'Khoa Đa phương tiện', 22),
('B23DCPT025', 'Vương Văn Đông', 'Khoa Đa phương tiện', 20),
('B23DCPT026', 'Bùi Thị Anh', 'Khoa Đa phương tiện', 19),
('B23DCPT027', 'Đặng Văn Bình', 'Khoa Đa phương tiện', 20),
('B23DCPT028', 'Hoàng Thị Chi', 'Khoa Đa phương tiện', 21),
('B23DCPT029', 'Lê Văn Đạt', 'Khoa Đa phương tiện', 20),
('B23DCPT030', 'Nguyễn Thị Điệp', 'Khoa Đa phương tiện', 20),
('B23DCPT031', 'Phạm Văn Dũng', 'Khoa Đa phương tiện', 20),
('B23DCPT032', 'Trần Thị Hà', 'Khoa Đa phương tiện', 20),
('B23DCPT033', 'Vương Văn Hoa', 'Khoa Đa phương tiện', 20),
('B23DCPT034', 'Bùi Thị Lan', 'Khoa Đa phương tiện', 20),
('B23DCPT035', 'Đặng Văn Lợi', 'Khoa Đa phương tiện', 22),
('B23DCPT036', 'Hoàng Thị Mai', 'Khoa Đa phương tiện', 20),
('B23DCPT037', 'Lê Văn Nam', 'Khoa Đa phương tiện', 21),
('B23DCPT038', 'Nguyễn Thị Nga', 'Khoa Đa phương tiện', 20),
('B23DCPT039', 'Phạm Văn Phong', 'Khoa Đa phương tiện', 20),
('B23DCPT040', 'Trần Thị Quỳnh', 'Khoa Đa phương tiện', 21),
('B23DCPT041', 'Vương Văn Sơn', 'Khoa Đa phương tiện', 20),
('B23DCPT042', 'Bùi Thị Thu', 'Khoa Đa phương tiện', 20),
('B23DCPT043', 'Đặng Văn Thành', 'Khoa Đa phương tiện', 20),
('B23DCPT044', 'Hoàng Thị Trang', 'Khoa Đa phương tiện', 20),
('B23DCPT045', 'Lê Văn Tùng', 'Khoa Đa phương tiện', 20),
('B23DCPT046', 'Nguyễn Thị Vân', 'Khoa Đa phương tiện', 20),
('B23DCPT047', 'Phạm Văn Xuyên', 'Khoa Đa phương tiện', 22),
('B23DCPT048', 'Trần Thị Yến', 'Khoa Đa phương tiện', 20),
('B23DCPT049', 'Vương Văn Zing', 'Khoa Đa phương tiện', 21),
('B23DCPT050', 'Bùi Thị Ánh', 'Khoa Đa phương tiện', 20),
('B23DCPT051', 'Đặng Văn Bình', 'Khoa Đa phương tiện', 20),
('B23DCPT052', 'Hoàng Thị Cẩm', 'Khoa Đa phương tiện', 19),
('B23DCPT053', 'Lê Văn Đạt', 'Khoa Đa phương tiện', 21),
('B23DCPT054', 'Nguyễn Thị Điệp', 'Khoa Đa phương tiện', 20),
('B23DCPT055', 'Phạm Văn Dũng', 'Khoa Đa phương tiện', 20),
('B23DCPT056', 'Trần Thị Hằng', 'Khoa Đa phương tiện', 20),
('B23DCPT057', 'Vương Văn Khoa', 'Khoa Đa phương tiện', 20),
('B23DCPT058', 'Bùi Thị Lan', 'Khoa Đa phương tiện', 22),
('B23DCPT059', 'Đặng Văn Long', 'Khoa Đa phương tiện', 20),
('B23DCPT060', 'Hoàng Thị Mỹ', 'Khoa Đa phương tiện', 20),
('B23DCPT061', 'Lê Văn Nam', 'Khoa Đa phương tiện', 20),
('B23DCPT062', 'Nguyễn Thị Ngọc', 'Khoa Đa phương tiện', 21),
('B23DCPT063', 'Phạm Văn Oanh', 'Khoa Đa phương tiện', 20),
('B23DCPT064', 'Trần Thị Phương', 'Khoa Đa phương tiện', 20),
('B23DCPT065', 'Vương Văn Quân', 'Khoa Đa phương tiện', 20),
('B23DCPT066', 'Bùi Thị Sen', 'Khoa Đa phương tiện', 21),
('B23DCPT067', 'Đặng Văn Thanh', 'Khoa Đa phương tiện', 20),
('B23DCPT068', 'Hoàng Thị Uyên', 'Khoa Đa phương tiện', 20),
('B23DCPT069', 'Lê Văn Vượng', 'Khoa Đa phương tiện', 20),
('B23DCPT070', 'Nguyễn Thị Xinh', 'Khoa Đa phương tiện', 22),
('B23DCPT071', 'Phạm Văn Yên', 'Khoa Đa phương tiện', 20),
('B23DCPT072', 'Trần Thị Zụ', 'Khoa Đa phương tiện', 20),
('B23DCPT073', 'Vương Văn Ánh', 'Khoa Đa phương tiện', 21),
('B23DCPT074', 'Bùi Thị Bích', 'Khoa Đa phương tiện', 20),
('B23DCPT075', 'Đặng Văn Cường', 'Khoa Đa phương tiện', 20),
('B23DCPT076', 'Hoàng Thị Dung', 'Khoa Đa phương tiện', 20),
('B23DCPT077', 'Lê Văn Điền', 'Khoa Đa phương tiện', 19),
('B23DCPT078', 'Nguyễn Thị Giang', 'Khoa Đa phương tiện', 21),
('B23DCPT079', 'Phạm Văn Hùng', 'Khoa Đa phương tiện', 20),
('B23DCPT080', 'Trần Thị Hường', 'Khoa Đa phương tiện', 20),
('B23DCPT081', 'Vương Văn Khôi', 'Khoa Đa phương tiện', 22),
('B23DCPT082', 'Bùi Thị Loan', 'Khoa Đa phương tiện', 20),
('B23DCPT083', 'Đặng Văn Mạnh', 'Khoa Đa phương tiện', 20),
('B23DCPT084', 'Hoàng Thị Nhung', 'Khoa Đa phương tiện', 20),
('B23DCPT085', 'Lê Văn Phú', 'Khoa Đa phương tiện', 21),
('B23DCPT086', 'Nguyễn Thị Quế', 'Khoa Đa phương tiện', 20),
('B23DCPT087', 'Phạm Văn Rô', 'Khoa Đa phương tiện', 20),
('B23DCPT088', 'Trần Thị Sáu', 'Khoa Đa phương tiện', 20),
('B23DCPT089', 'Vương Văn Thắng', 'Khoa Đa phương tiện', 20),
('B23DCPT090', 'Bùi Thị Tâm', 'Khoa Đa phương tiện', 20),
('B23DCPT091', 'Đặng Văn Tân', 'Khoa Đa phương tiện', 20),
('B23DCPT092', 'Hoàng Thị Uyên', 'Khoa Đa phương tiện', 20),
('B23DCPT093', 'Lê Văn Vui', 'Khoa Đa phương tiện', 20),
('B23DCPT094', 'Nguyễn Thị Xuân', 'Khoa Đa phương tiện', 20),
('B23DCPT095', 'Phạm Văn Yên', 'Khoa Đa phương tiện', 21),
('B23DCPT096', 'Trần Thị Zỳ', 'Khoa Đa phương tiện', 20),
('B23DCPT097', 'Vương Văn Ấn', 'Khoa Đa phương tiện', 20),
('B23DCPT098', 'Bùi Thị Ái', 'Khoa Đa phương tiện', 20),
('B23DCPT099', 'Đặng Văn Bắc', 'Khoa Đa phương tiện', 22),
('B23DCPT100', 'Hoàng Thị Châu', 'Khoa Đa phương tiện', 20),
('B23DCPT101', 'Lê Văn Đạt', 'Khoa Đa phương tiện', 20),
('B23DCPT102', 'Nguyễn Thị Dương', 'Khoa Đa phương tiện', 20),
('B23DCPT103', 'Phạm Văn Dũng', 'Khoa Đa phương tiện', 20);

INSERT INTO student (ID, name, dept_name, tot_cred) VALUES
('B23DCCB001', 'Nguyễn Thị Ánh', 'Khoa Cơ bản', 18),
('B23DCCB002', 'Trần Văn Bình', 'Khoa Cơ bản', 19),
('B23DCCB003', 'Lê Thị Chi', 'Khoa Cơ bản', 20),
('B23DCCB004', 'Phạm Văn Đạt', 'Khoa Cơ bản', 21),
('B23DCCB005', 'Hoàng Thị Dung', 'Khoa Cơ bản', 18),
('B23DCCB006', 'Nguyễn Văn Dương', 'Khoa Cơ bản', 19),
('B23DCCB007', 'Trần Thị Giang', 'Khoa Cơ bản', 20),
('B23DCCB008', 'Lê Văn Hải', 'Khoa Cơ bản', 21),
('B23DCCB009', 'Phạm Thị Hà', 'Khoa Cơ bản', 18),
('B23DCCB010', 'Hoàng Văn Hậu', 'Khoa Cơ bản', 19),
('B23DCCB011', 'Nguyễn Thị Hoa', 'Khoa Cơ bản', 20),
('B23DCCB012', 'Trần Văn Huấn', 'Khoa Cơ bản', 21),
('B23DCCB013', 'Lê Thị Hương', 'Khoa Cơ bản', 18),
('B23DCCB014', 'Phạm Văn Hùng', 'Khoa Cơ bản', 19),
('B23DCCB015', 'Hoàng Thị Lan', 'Khoa Cơ bản', 20),
('B23DCCB016', 'Nguyễn Văn Long', 'Khoa Cơ bản', 21),
('B23DCCB017', 'Trần Thị Mai', 'Khoa Cơ bản', 18),
('B23DCCB018', 'Lê Văn Minh', 'Khoa Cơ bản', 19),
('B23DCCB019', 'Phạm Thị Nhung', 'Khoa Cơ bản', 20),
('B23DCCB020', 'Hoàng Văn Phong', 'Khoa Cơ bản', 21),
('B23DCCB021', 'Nguyễn Thị Quỳnh', 'Khoa Cơ bản', 18),
('B23DCCB022', 'Trần Văn Sơn', 'Khoa Cơ bản', 19),
('B23DCCB023', 'Lê Thị Thanh', 'Khoa Cơ bản', 20),
('B23DCCB024', 'Phạm Văn Tùng', 'Khoa Cơ bản', 21),
('B23DCCB025', 'Hoàng Thị Uyên', 'Khoa Cơ bản', 18),
('B23DCCB026', 'Nguyễn Văn Việt', 'Khoa Cơ bản', 19),
('B23DCCB027', 'Trần Thị Xuân', 'Khoa Cơ bản', 20),
('B23DCCB028', 'Lê Văn An', 'Khoa Cơ bản', 21),
('B23DCCB029', 'Phạm Thị Bích', 'Khoa Cơ bản', 18),
('B23DCCB030', 'Hoàng Văn Cường', 'Khoa Cơ bản', 19),
('B23DCCB031', 'Nguyễn Thị Diệu', 'Khoa Cơ bản', 20),
('B23DCCB032', 'Trần Văn Đạt', 'Khoa Cơ bản', 21),
('B23DCCB033', 'Lê Thị Hoa', 'Khoa Cơ bản', 18),
('B23DCCB034', 'Phạm Văn Huy', 'Khoa Cơ bản', 19),
('B23DCCB035', 'Hoàng Thị Hương', 'Khoa Cơ bản', 20),
('B23DCCB036', 'Nguyễn Văn Hùng', 'Khoa Cơ bản', 21),
('B23DCCB037', 'Trần Thị Lan', 'Khoa Cơ bản', 18),
('B23DCCB038', 'Lê Văn Lợi', 'Khoa Cơ bản', 19),
('B23DCCB039', 'Phạm Thị Mai', 'Khoa Cơ bản', 20),
('B23DCCB040', 'Hoàng Văn Minh', 'Khoa Cơ bản', 21),
('B23DCCB041', 'Nguyễn Thị Nga', 'Khoa Cơ bản', 18),
('B23DCCB042', 'Trần Văn Phú', 'Khoa Cơ bản', 19),
('B23DCCB043', 'Lê Thị Quyên', 'Khoa Cơ bản', 20),
('B23DCCB044', 'Phạm Văn Sơn', 'Khoa Cơ bản', 21),
('B23DCCB045', 'Hoàng Thị Thu', 'Khoa Cơ bản', 18),
('B23DCCB046', 'Nguyễn Văn Thành', 'Khoa Cơ bản', 19),
('B23DCCB047', 'Trần Thị Uyên', 'Khoa Cơ bản', 20),
('B23DCCB048', 'Lê Văn Anh', 'Khoa Cơ bản', 21),
('B23DCCB049', 'Phạm Thị Bảo', 'Khoa Cơ bản', 18),
('B23DCCB050', 'Hoàng Văn Cường', 'Khoa Cơ bản', 19),
('B23DCCB051', 'Nguyễn Thị Dung', 'Khoa Cơ bản', 20),
('B23DCCB052', 'Trần Văn Hải', 'Khoa Cơ bản', 21),
('B23DCCB053', 'Lê Thị Hoài', 'Khoa Cơ bản', 18),
('B23DCCB054', 'Phạm Văn Hào', 'Khoa Cơ bản', 19),
('B23DCCB055', 'Hoàng Thị Hạnh', 'Khoa Cơ bản', 20),
('B23DCCB056', 'Nguyễn Văn Hiếu', 'Khoa Cơ bản', 21),
('B23DCCB057', 'Trần Thị Hồng', 'Khoa Cơ bản', 18),
('B23DCCB058', 'Lê Văn Hùng', 'Khoa Cơ bản', 19),
('B23DCCB059', 'Phạm Thị Hương', 'Khoa Cơ bản', 20),
('B23DCCB060', 'Hoàng Văn Khánh', 'Khoa Cơ bản', 21),
('B23DCCB061', 'Nguyễn Thị Kim', 'Khoa Cơ bản', 18),
('B23DCCB062', 'Trần Văn Lâm', 'Khoa Cơ bản', 19),
('B23DCCB063', 'Lê Thị Loan', 'Khoa Cơ bản', 20),
('B23DCCB064', 'Phạm Văn Luân', 'Khoa Cơ bản', 21),
('B23DCCB065', 'Hoàng Thị Mai', 'Khoa Cơ bản', 18),
('B23DCCB066', 'Nguyễn Văn Minh', 'Khoa Cơ bản', 19),
('B23DCCB067', 'Trần Thị My', 'Khoa Cơ bản', 20),
('B23DCCB068', 'Lê Văn Nam', 'Khoa Cơ bản', 21),
('B23DCCB069', 'Phạm Thị Ngọc', 'Khoa Cơ bản', 18),
('B23DCCB070', 'Hoàng Văn Phúc', 'Khoa Cơ bản', 19),
('B23DCCB071', 'Nguyễn Thị Nguyệt', 'Khoa Cơ bản', 20),
('B23DCCB072', 'Trần Văn Quân', 'Khoa Cơ bản', 21),
('B23DCCB073', 'Lê Thị Ngọc', 'Khoa Cơ bản', 18),
('B23DCCB074', 'Phạm Văn Quang', 'Khoa Cơ bản', 19),
('B23DCCB075', 'Hoàng Thị Ngân', 'Khoa Cơ bản', 20),
('B23DCCB076', 'Nguyễn Văn Nam', 'Khoa Cơ bản', 21),
('B23DCCB077', 'Trần Thị Nhung', 'Khoa Cơ bản', 18),
('B23DCCB078', 'Lê Văn Sơn', 'Khoa Cơ bản', 19),
('B23DCCB079', 'Phạm Thị Oanh', 'Khoa Cơ bản', 20),
('B23DCCB080', 'Hoàng Văn Tài', 'Khoa Cơ bản', 21),
('B23DCCB081', 'Nguyễn Thị Phương', 'Khoa Cơ bản', 18),
('B23DCCB082', 'Trần Văn Quyết', 'Khoa Cơ bản', 19),
('B23DCCB083', 'Lê Thị Quỳnh', 'Khoa Cơ bản', 20),
('B23DCCB084', 'Phạm Văn Sáng', 'Khoa Cơ bản', 21),
('B23DCCB085', 'Hoàng Thị Thảo', 'Khoa Cơ bản', 18),
('B23DCCB086', 'Nguyễn Văn Thắng', 'Khoa Cơ bản', 19),
('B23DCCB087', 'Trần Thị Thảo', 'Khoa Cơ bản', 20),
('B23DCCB088', 'Lê Văn Thiên', 'Khoa Cơ bản', 21),
('B23DCCB089', 'Phạm Thị Thủy', 'Khoa Cơ bản', 18),
('B23DCCB090', 'Hoàng Văn Thịnh', 'Khoa Cơ bản', 19),
('B23DCCB091', 'Nguyễn Thị Trang', 'Khoa Cơ bản', 20),
('B23DCCB092', 'Trần Văn Tuấn', 'Khoa Cơ bản', 21),
('B23DCCB093', 'Lê Thị Tuyết', 'Khoa Cơ bản', 18),
('B23DCCB094', 'Phạm Văn Vinh', 'Khoa Cơ bản', 19),
('B23DCCB095', 'Hoàng Thị Yến', 'Khoa Cơ bản', 20),
('B23DCCB096', 'Nguyễn Văn Đức', 'Khoa Cơ bản', 21);

INSERT INTO student (ID, name, dept_name, tot_cred) VALUES
('B23DCKT001', 'Nguyễn Thị An', 'Khoa Tài chính kế toán', 18),
('B23DCKT002', 'Trần Văn Bắc', 'Khoa Tài chính kế toán', 19),
('B23DCKT003', 'Lê Thị Cẩm', 'Khoa Tài chính kế toán', 20),
('B23DCKT004', 'Phạm Văn Đức', 'Khoa Tài chính kế toán', 21),
('B23DCKT005', 'Hoàng Thị Hải', 'Khoa Tài chính kế toán', 18),
('B23DCKT006', 'Nguyễn Văn Hưng', 'Khoa Tài chính kế toán', 19),
('B23DCKT007', 'Trần Thị Hương', 'Khoa Tài chính kế toán', 20),
('B23DCKT008', 'Lê Văn Khải', 'Khoa Tài chính kế toán', 21),
('B23DCKT009', 'Phạm Thị Lan', 'Khoa Tài chính kế toán', 18),
('B23DCKT010', 'Hoàng Văn Lâm', 'Khoa Tài chính kế toán', 19),
('B23DCKT011', 'Nguyễn Thị Lệ', 'Khoa Tài chính kế toán', 20),
('B23DCKT012', 'Trần Văn Minh', 'Khoa Tài chính kế toán', 21),
('B23DCKT013', 'Lê Thị Nga', 'Khoa Tài chính kế toán', 18),
('B23DCKT014', 'Phạm Văn Phong', 'Khoa Tài chính kế toán', 19),
('B23DCKT015', 'Hoàng Thị Quyên', 'Khoa Tài chính kế toán', 20),
('B23DCKT016', 'Nguyễn Văn Sơn', 'Khoa Tài chính kế toán', 21),
('B23DCKT017', 'Trần Thị Thu', 'Khoa Tài chính kế toán', 18),
('B23DCKT018', 'Lê Văn Tùng', 'Khoa Tài chính kế toán', 19),
('B23DCKT019', 'Phạm Thị Uyên', 'Khoa Tài chính kế toán', 20),
('B23DCKT020', 'Hoàng Văn Vinh', 'Khoa Tài chính kế toán', 21),
('B23DCKT021', 'Nguyễn Thị Xuân', 'Khoa Tài chính kế toán', 18),
('B23DCKT022', 'Trần Văn Yên', 'Khoa Tài chính kế toán', 19),
('B23DCKT023', 'Lê Thị Anh', 'Khoa Tài chính kế toán', 20),
('B23DCKT024', 'Phạm Văn Bình', 'Khoa Tài chính kế toán', 21),
('B23DCKT025', 'Hoàng Thị Cúc', 'Khoa Tài chính kế toán', 18),
('B23DCKT026', 'Nguyễn Văn Dũng', 'Khoa Tài chính kế toán', 19),
('B23DCKT027', 'Trần Thị Đào', 'Khoa Tài chính kế toán', 20),
('B23DCKT028', 'Lê Văn Đoàn', 'Khoa Tài chính kế toán', 21),
('B23DCKT029', 'Phạm Thị Hà', 'Khoa Tài chính kế toán', 18),
('B23DCKT030', 'Hoàng Văn Hòa', 'Khoa Tài chính kế toán', 19),
('B23DCKT031', 'Nguyễn Thị Hương', 'Khoa Tài chính kế toán', 20),
('B23DCKT032', 'Trần Văn Hùng', 'Khoa Tài chính kế toán', 21),
('B23DCKT033', 'Lê Thị Lan', 'Khoa Tài chính kế toán', 18),
('B23DCKT034', 'Phạm Văn Lộc', 'Khoa Tài chính kế toán', 19),
('B23DCKT035', 'Hoàng Thị Mai', 'Khoa Tài chính kế toán', 20),
('B23DCKT036', 'Nguyễn Văn Nam', 'Khoa Tài chính kế toán', 21),
('B23DCKT037', 'Trần Thị Ngân', 'Khoa Tài chính kế toán', 18),
('B23DCKT038', 'Lê Văn Phú', 'Khoa Tài chính kế toán', 19),
('B23DCKT039', 'Phạm Thị Quỳnh', 'Khoa Tài chính kế toán', 20),
('B23DCKT040', 'Hoàng Văn Sơn', 'Khoa Tài chính kế toán', 21),
('B23DCKT041', 'Nguyễn Thị Thảo', 'Khoa Tài chính kế toán', 18),
('B23DCKT042', 'Trần Văn Thiên', 'Khoa Tài chính kế toán', 19),
('B23DCKT043', 'Lê Thị Trang', 'Khoa Tài chính kế toán', 20),
('B23DCKT044', 'Phạm Văn Tú', 'Khoa Tài chính kế toán', 21),
('B23DCKT045', 'Hoàng Thị Tuyết', 'Khoa Tài chính kế toán', 18),
('B23DCKT046', 'Nguyễn Văn Tùng', 'Khoa Tài chính kế toán', 19),
('B23DCKT047', 'Trần Thị An', 'Khoa Tài chính kế toán', 20),
('B23DCKT048', 'Lê Văn Bảo', 'Khoa Tài chính kế toán', 21),
('B23DCKT049', 'Phạm Thị Bình', 'Khoa Tài chính kế toán', 18),
('B23DCKT050', 'Hoàng Văn Chí', 'Khoa Tài chính kế toán', 19),
('B23DCKT051', 'Nguyễn Thị Dung', 'Khoa Tài chính kế toán', 20),
('B23DCKT052', 'Trần Văn Đạt', 'Khoa Tài chính kế toán', 21),
('B23DCKT053', 'Lê Thị Hà', 'Khoa Tài chính kế toán', 18),
('B23DCKT054', 'Phạm Văn Hải', 'Khoa Tài chính kế toán', 19),
('B23DCKT055', 'Hoàng Thị Hào', 'Khoa Tài chính kế toán', 20),
('B23DCKT056', 'Nguyễn Văn Hiệp', 'Khoa Tài chính kế toán', 21),
('B23DCKT057', 'Trần Thị Hồng', 'Khoa Tài chính kế toán', 18),
('B23DCKT058', 'Lê Văn Huy', 'Khoa Tài chính kế toán', 19),
('B23DCKT059', 'Phạm Thị Lan', 'Khoa Tài chính kế toán', 20),
('B23DCKT060', 'Hoàng Văn Khánh', 'Khoa Tài chính kế toán', 21),
('B23DCKT061', 'Nguyễn Thị Lan', 'Khoa Tài chính kế toán', 18),
('B23DCKT062', 'Trần Văn Lợi', 'Khoa Tài chính kế toán', 19),
('B23DCKT063', 'Lê Thị Mai', 'Khoa Tài chính kế toán', 20),
('B23DCKT064', 'Phạm Văn Nam', 'Khoa Tài chính kế toán', 21),
('B23DCKT065', 'Hoàng Thị Nga', 'Khoa Tài chính kế toán', 18),
('B23DCKT066', 'Nguyễn Văn Phú', 'Khoa Tài chính kế toán', 19),
('B23DCKT067', 'Trần Thị Quỳnh', 'Khoa Tài chính kế toán', 20),
('B23DCKT068', 'Lê Văn Sơn', 'Khoa Tài chính kế toán', 21),
('B23DCKT069', 'Phạm Thị Tâm', 'Khoa Tài chính kế toán', 18),
('B23DCKT070', 'Hoàng Văn Thắng', 'Khoa Tài chính kế toán', 19),
('B23DCKT071', 'Nguyễn Thị Thảo', 'Khoa Tài chính kế toán', 20),
('B23DCKT072', 'Trần Văn Thuận', 'Khoa Tài chính kế toán', 21),
('B23DCKT073', 'Lê Thị Thu', 'Khoa Tài chính kế toán', 18),
('B23DCKT074', 'Phạm Văn Tiến', 'Khoa Tài chính kế toán', 19),
('B23DCKT075', 'Hoàng Thị Trâm', 'Khoa Tài chính kế toán', 20),
('B23DCKT076', 'Nguyễn Văn Tuấn', 'Khoa Tài chính kế toán', 21),
('B23DCKT077', 'Trần Thị Tú', 'Khoa Tài chính kế toán', 18),
('B23DCKT078', 'Lê Văn Tùng', 'Khoa Tài chính kế toán', 19),
('B23DCKT079', 'Phạm Thị Uyên', 'Khoa Tài chính kế toán', 20),
('B23DCKT080', 'Hoàng Văn Vượng', 'Khoa Tài chính kế toán', 21),
('B23DCKT081', 'Nguyễn Thị Xuân', 'Khoa Tài chính kế toán', 18),
('B23DCKT082', 'Trần Văn Yên', 'Khoa Tài chính kế toán', 19),
('B23DCKT083', 'Lê Thị Ánh', 'Khoa Tài chính kế toán', 20),
('B23DCKT084', 'Phạm Văn Bảo', 'Khoa Tài chính kế toán', 21),
('B23DCKT085', 'Hoàng Thị Bích', 'Khoa Tài chính kế toán', 18),
('B23DCKT086', 'Nguyễn Văn Cảnh', 'Khoa Tài chính kế toán', 19),
('B23DCKT087', 'Trần Thị Chi', 'Khoa Tài chính kế toán', 20),
('B23DCKT088', 'Lê Văn Điệp', 'Khoa Tài chính kế toán', 21),
('B23DCKT089', 'Phạm Thị Diệu', 'Khoa Tài chính kế toán', 18),
('B23DCKT090', 'Hoàng Văn Đức', 'Khoa Tài chính kế toán', 19),
('B23DCKT091', 'Nguyễn Thị Giang', 'Khoa Tài chính kế toán', 20),
('B23DCKT092', 'Trần Văn Hiệu', 'Khoa Tài chính kế toán', 21),
('B23DCKT093', 'Lê Thị Huệ', 'Khoa Tài chính kế toán', 18),
('B23DCKT094', 'Phạm Văn Hùng', 'Khoa Tài chính kế toán', 19),
('B23DCKT095', 'Hoàng Thị Hường', 'Khoa Tài chính kế toán', 20),
('B23DCKT096', 'Nguyễn Văn Khai', 'Khoa Tài chính kế toán', 21),
('B23DCKT097', 'Trần Thị Khánh', 'Khoa Tài chính kế toán', 18),
('B23DCKT098', 'Lê Văn Khôi', 'Khoa Tài chính kế toán', 19),
('B23DCKT099', 'Phạm Thị Kim', 'Khoa Tài chính kế toán', 20),
('B23DCKT100', 'Hoàng Văn Lâm', 'Khoa Tài chính kế toán', 21),
('B23DCKT101', 'Nguyễn Thị Lan', 'Khoa Tài chính kế toán', 18),
('B23DCKT102', 'Trần Văn Lợi', 'Khoa Tài chính kế toán', 19),
('B23DCKT103', 'Lê Thị Mai', 'Khoa Tài chính kế toán', 20),
('B23DCKT104', 'Phạm Văn Nam', 'Khoa Tài chính kế toán', 21),
('B23DCKT105', 'Hoàng Thị Nga', 'Khoa Tài chính kế toán', 18),
('B23DCKT106', 'Nguyễn Văn Phú', 'Khoa Tài chính kế toán', 19);

INSERT INTO student (ID, name, dept_name, tot_cred) VALUES
('B23DCVT001', 'Nguyễn Văn An', 'Khoa Viễn thông', 18),
('B23DCVT002', 'Trần Thị Bình', 'Khoa Viễn thông', 19),
('B23DCVT003', 'Lê Văn Cường', 'Khoa Viễn thông', 20),
('B23DCVT004', 'Phạm Thị Dung', 'Khoa Viễn thông', 21),
('B23DCVT005', 'Hoàng Văn Đức', 'Khoa Viễn thông', 18),
('B23DCVT006', 'Nguyễn Thị Hoa', 'Khoa Viễn thông', 19),
('B23DCVT007', 'Trần Văn Hùng', 'Khoa Viễn thông', 20),
('B23DCVT008', 'Lê Thị Lan', 'Khoa Viễn thông', 21),
('B23DCVT009', 'Phạm Văn Minh', 'Khoa Viễn thông', 18),
('B23DCVT010', 'Hoàng Thị Ngọc', 'Khoa Viễn thông', 19),
('B23DCVT011', 'Nguyễn Văn Phúc', 'Khoa Viễn thông', 20),
('B23DCVT012', 'Trần Thị Quỳnh', 'Khoa Viễn thông', 21),
('B23DCVT013', 'Lê Văn Sơn', 'Khoa Viễn thông', 18),
('B23DCVT014', 'Phạm Thị Thanh', 'Khoa Viễn thông', 19),
('B23DCVT015', 'Hoàng Văn Thắng', 'Khoa Viễn thông', 20),
('B23DCVT016', 'Nguyễn Thị Trang', 'Khoa Viễn thông', 21),
('B23DCVT017', 'Trần Văn Tuấn', 'Khoa Viễn thông', 18),
('B23DCVT018', 'Lê Thị Tuyết', 'Khoa Viễn thông', 19),
('B23DCVT019', 'Phạm Văn Vinh', 'Khoa Viễn thông', 20),
('B23DCVT020', 'Hoàng Thị Xuân', 'Khoa Viễn thông', 21),
('B23DCVT021', 'Nguyễn Văn Bảo', 'Khoa Viễn thông', 18),
('B23DCVT022', 'Trần Thị Cúc', 'Khoa Viễn thông', 19),
('B23DCVT023', 'Lê Văn Đạt', 'Khoa Viễn thông', 20),
('B23DCVT024', 'Phạm Thị Diễm', 'Khoa Viễn thông', 21),
('B23DCVT025', 'Hoàng Văn Duy', 'Khoa Viễn thông', 18),
('B23DCVT026', 'Nguyễn Thị Giang', 'Khoa Viễn thông', 19),
('B23DCVT027', 'Trần Văn Hải', 'Khoa Viễn thông', 20),
('B23DCVT028', 'Lê Thị Hương', 'Khoa Viễn thông', 21),
('B23DCVT029', 'Phạm Văn Hùng', 'Khoa Viễn thông', 18),
('B23DCVT030', 'Hoàng Thị Lan', 'Khoa Viễn thông', 19),
('B23DCVT031', 'Nguyễn Văn Long', 'Khoa Viễn thông', 20),
('B23DCVT032', 'Trần Thị Mai', 'Khoa Viễn thông', 21),
('B23DCVT033', 'Lê Văn Minh', 'Khoa Viễn thông', 18),
('B23DCVT034', 'Phạm Thị Ngân', 'Khoa Viễn thông', 19),
('B23DCVT035', 'Hoàng Văn Phát', 'Khoa Viễn thông', 20),
('B23DCVT036', 'Nguyễn Thị Phương', 'Khoa Viễn thông', 21),
('B23DCVT037', 'Trần Văn Quân', 'Khoa Viễn thông', 18),
('B23DCVT038', 'Lê Thị Quỳnh', 'Khoa Viễn thông', 19),
('B23DCVT039', 'Phạm Văn Sơn', 'Khoa Viễn thông', 20),
('B23DCVT040', 'Hoàng Thị Tâm', 'Khoa Viễn thông', 21),
('B23DCVT041', 'Nguyễn Văn Thành', 'Khoa Viễn thông', 18),
('B23DCVT042', 'Trần Thị Uyên', 'Khoa Viễn thông', 19),
('B23DCVT043', 'Lê Văn Việt', 'Khoa Viễn thông', 20),
('B23DCVT044', 'Phạm Thị Yến', 'Khoa Viễn thông', 21),
('B23DCVT045', 'Hoàng Văn Anh', 'Khoa Viễn thông', 18),
('B23DCVT046', 'Nguyễn Thị Bích', 'Khoa Viễn thông', 19),
('B23DCVT047', 'Trần Văn Công', 'Khoa Viễn thông', 20),
('B23DCVT048', 'Lê Thị Dung', 'Khoa Viễn thông', 21),
('B23DCVT049', 'Phạm Văn Điệp', 'Khoa Viễn thông', 18),
('B23DCVT050', 'Hoàng Thị Hà', 'Khoa Viễn thông', 19),
('B23DCVT051', 'Nguyễn Văn Hiệp', 'Khoa Viễn thông', 20),
('B23DCVT052', 'Trần Thị Hương', 'Khoa Viễn thông', 21),
('B23DCVT053', 'Lê Văn Khoa', 'Khoa Viễn thông', 18),
('B23DCVT054', 'Phạm Thị Lan', 'Khoa Viễn thông', 19),
('B23DCVT055', 'Hoàng Văn Long', 'Khoa Viễn thông', 20),
('B23DCVT056', 'Nguyễn Thị Mai', 'Khoa Viễn thông', 21),
('B23DCVT057', 'Trần Văn Nam', 'Khoa Viễn thông', 18),
('B23DCVT058', 'Lê Thị Ngọc', 'Khoa Viễn thông', 19),
('B23DCVT059', 'Phạm Văn Phong', 'Khoa Viễn thông', 20),
('B23DCVT060', 'Hoàng Thị Phượng', 'Khoa Viễn thông', 21),
('B23DCVT061', 'Nguyễn Văn Quân', 'Khoa Viễn thông', 18),
('B23DCVT062', 'Trần Thị Sương', 'Khoa Viễn thông', 19),
('B23DCVT063', 'Lê Văn Tài', 'Khoa Viễn thông', 20),
('B23DCVT064', 'Phạm Thị Thảo', 'Khoa Viễn thông', 21),
('B23DCVT065', 'Hoàng Văn Thành', 'Khoa Viễn thông', 18),
('B23DCVT066', 'Nguyễn Thị Trinh', 'Khoa Viễn thông', 19),
('B23DCVT067', 'Trần Văn Trung', 'Khoa Viễn thông', 20),
('B23DCVT068', 'Lê Thị Tú', 'Khoa Viễn thông', 21),
('B23DCVT069', 'Phạm Văn Tùng', 'Khoa Viễn thông', 18),
('B23DCVT070', 'Hoàng Thị Vân', 'Khoa Viễn thông', 19),
('B23DCVT071', 'Nguyễn Văn Vinh', 'Khoa Viễn thông', 20),
('B23DCVT072', 'Trần Thị Xuân', 'Khoa Viễn thông', 21),
('B23DCVT073', 'Lê Văn Đại', 'Khoa Viễn thông', 18),
('B23DCVT074', 'Phạm Thị Hoài', 'Khoa Viễn thông', 19),
('B23DCVT075', 'Hoàng Văn Khiêm', 'Khoa Viễn thông', 20),
('B23DCVT076', 'Nguyễn Thị Nhung', 'Khoa Viễn thông', 21),
('B23DCVT077', 'Trần Văn Quang', 'Khoa Viễn thông', 18),
('B23DCVT078', 'Lê Thị Anh', 'Khoa Viễn thông', 19),
('B23DCVT079', 'Phạm Văn Bình', 'Khoa Viễn thông', 20),
('B23DCVT080', 'Hoàng Thị Chinh', 'Khoa Viễn thông', 21),
('B23DCVT081', 'Nguyễn Văn Dũng', 'Khoa Viễn thông', 18),
('B23DCVT082', 'Trần Thị Lan', 'Khoa Viễn thông', 19),
('B23DCVT083', 'Lê Văn Hưng', 'Khoa Viễn thông', 20),
('B23DCVT084', 'Phạm Thị Tâm', 'Khoa Viễn thông', 21),
('B23DCVT085', 'Hoàng Văn Tuấn', 'Khoa Viễn thông', 18),
('B23DCVT086', 'Nguyễn Thị Hương', 'Khoa Viễn thông', 19),
('B23DCVT087', 'Trần Văn Đông', 'Khoa Viễn thông', 20),
('B23DCVT088', 'Lê Thị Phượng', 'Khoa Viễn thông', 21),
('B23DCVT089', 'Phạm Văn Thắng', 'Khoa Viễn thông', 18),
('B23DCVT090', 'Hoàng Thị Thanh', 'Khoa Viễn thông', 19),
('B23DCVT091', 'Nguyễn Văn Hải', 'Khoa Viễn thông', 20),
('B23DCVT092', 'Trần Thị Ngọc', 'Khoa Viễn thông', 21),
('B23DCVT093', 'Lê Văn Minh', 'Khoa Viễn thông', 18),
('B23DCVT094', 'Phạm Thị Kim', 'Khoa Viễn thông', 19),
('B23DCVT095', 'Hoàng Văn Hoàng', 'Khoa Viễn thông', 20),
('B23DCVT096', 'Nguyễn Thị Ngân', 'Khoa Viễn thông', 21),
('B23DCVT097', 'Trần Văn Hòa', 'Khoa Viễn thông', 18),
('B23DCVT098', 'Lê Thị Hạnh', 'Khoa Viễn thông', 19),
('B23DCVT099', 'Phạm Văn Hiệu', 'Khoa Viễn thông', 20),
('B23DCVT100', 'Hoàng Thị Mai', 'Khoa Viễn thông', 21),
('B23DCVT101', 'Nguyễn Văn Lực', 'Khoa Viễn thông', 18),
('B23DCVT102', 'Trần Thị Hồng', 'Khoa Viễn thông', 19),
('B23DCVT103', 'Lê Văn Đông', 'Khoa Viễn thông', 20),
('B23DCVT104', 'Phạm Thị Nhung', 'Khoa Viễn thông', 21),
('B23DCVT105', 'Hoàng Văn Hùng', 'Khoa Viễn thông', 18),
('B23DCVT106', 'Nguyễn Thị Thảo', 'Khoa Viễn thông', 19),
('B23DCVT107', 'Trần Văn Tâm', 'Khoa Viễn thông', 20),
('B23DCVT108', 'Lê Thị Hương', 'Khoa Viễn thông', 21);

INSERT INTO student (ID, name, dept_name, tot_cred) VALUES
('B23DCDT001', 'Nguyễn Văn An', 'Khoa Kỹ thuật điện tử', 21),
('B23DCDT002', 'Trần Thị Bình', 'Khoa Kỹ thuật điện tử', 18),
('B23DCDT003', 'Lê Văn Cường', 'Khoa Kỹ thuật điện tử', 20),
('B23DCDT004', 'Phạm Thị Dung', 'Khoa Kỹ thuật điện tử', 19),
('B23DCDT005', 'Hoàng Văn Đức', 'Khoa Kỹ thuật điện tử', 18),
('B23DCDT006', 'Nguyễn Thị Hoa', 'Khoa Kỹ thuật điện tử', 21),
('B23DCDT007', 'Trần Văn Hùng', 'Khoa Kỹ thuật điện tử', 20),
('B23DCDT008', 'Lê Thị Lan', 'Khoa Kỹ thuật điện tử', 19),
('B23DCDT009', 'Phạm Văn Minh', 'Khoa Kỹ thuật điện tử', 21),
('B23DCDT010', 'Hoàng Thị Ngọc', 'Khoa Kỹ thuật điện tử', 18),
('B23DCDT011', 'Nguyễn Văn Phúc', 'Khoa Kỹ thuật điện tử', 20),
('B23DCDT012', 'Trần Thị Quỳnh', 'Khoa Kỹ thuật điện tử', 19),
('B23DCDT013', 'Lê Văn Sơn', 'Khoa Kỹ thuật điện tử', 21),
('B23DCDT014', 'Phạm Thị Thanh', 'Khoa Kỹ thuật điện tử', 18),
('B23DCDT015', 'Hoàng Văn Thắng', 'Khoa Kỹ thuật điện tử', 20),
('B23DCDT016', 'Nguyễn Thị Trang', 'Khoa Kỹ thuật điện tử', 19),
('B23DCDT017', 'Trần Văn Tuấn', 'Khoa Kỹ thuật điện tử', 21),
('B23DCDT018', 'Lê Thị Tuyết', 'Khoa Kỹ thuật điện tử', 18),
('B23DCDT019', 'Phạm Văn Vinh', 'Khoa Kỹ thuật điện tử', 20),
('B23DCDT020', 'Hoàng Thị Xuân', 'Khoa Kỹ thuật điện tử', 19),
('B23DCDT021', 'Nguyễn Văn Bảo', 'Khoa Kỹ thuật điện tử', 21),
('B23DCDT022', 'Trần Thị Chi', 'Khoa Kỹ thuật điện tử', 18),
('B23DCDT023', 'Lê Văn Đạt', 'Khoa Kỹ thuật điện tử', 20),
('B23DCDT024', 'Phạm Thị Duyên', 'Khoa Kỹ thuật điện tử', 19),
('B23DCDT025', 'Hoàng Văn Giang', 'Khoa Kỹ thuật điện tử', 18),
('B23DCDT026', 'Nguyễn Thị Hồng', 'Khoa Kỹ thuật điện tử', 21),
('B23DCDT027', 'Trần Văn Huy', 'Khoa Kỹ thuật điện tử', 20),
('B23DCDT028', 'Lê Thị Kim', 'Khoa Kỹ thuật điện tử', 19),
('B23DCDT029', 'Phạm Văn Lâm', 'Khoa Kỹ thuật điện tử', 21),
('B23DCDT030', 'Hoàng Thị Mai', 'Khoa Kỹ thuật điện tử', 18),
('B23DCDT031', 'Nguyễn Văn Nam', 'Khoa Kỹ thuật điện tử', 20),
('B23DCDT032', 'Trần Thị Ngân', 'Khoa Kỹ thuật điện tử', 19),
('B23DCDT033', 'Lê Văn Phát', 'Khoa Kỹ thuật điện tử', 21),
('B23DCDT034', 'Phạm Thị Quỳnh', 'Khoa Kỹ thuật điện tử', 18),
('B23DCDT035', 'Hoàng Văn Sơn', 'Khoa Kỹ thuật điện tử', 20),
('B23DCDT036', 'Nguyễn Thị Thảo', 'Khoa Kỹ thuật điện tử', 19),
('B23DCDT037', 'Trần Văn Tiến', 'Khoa Kỹ thuật điện tử', 21),
('B23DCDT038', 'Lê Thị Uyên', 'Khoa Kỹ thuật điện tử', 18),
('B23DCDT039', 'Phạm Văn Vũ', 'Khoa Kỹ thuật điện tử', 20),
('B23DCDT040', 'Hoàng Thị Xuân', 'Khoa Kỹ thuật điện tử', 19),
('B23DCDT041', 'Nguyễn Văn Đức', 'Khoa Kỹ thuật điện tử', 21),
('B23DCDT042', 'Trần Thị Ánh', 'Khoa Kỹ thuật điện tử', 18),
('B23DCDT043', 'Lê Văn Bình', 'Khoa Kỹ thuật điện tử', 20),
('B23DCDT044', 'Phạm Thị Chi', 'Khoa Kỹ thuật điện tử', 19),
('B23DCDT045', 'Hoàng Văn Đức', 'Khoa Kỹ thuật điện tử', 18),
('B23DCDT046', 'Nguyễn Thị Hà', 'Khoa Kỹ thuật điện tử', 21),
('B23DCDT047', 'Trần Văn Hưng', 'Khoa Kỹ thuật điện tử', 20),
('B23DCDT048', 'Lê Thị Hương', 'Khoa Kỹ thuật điện tử', 19),
('B23DCDT049', 'Phạm Văn Long', 'Khoa Kỹ thuật điện tử', 21),
('B23DCDT050', 'Hoàng Thị Lan', 'Khoa Kỹ thuật điện tử', 18),
('B23DCDT051', 'Nguyễn Văn Minh', 'Khoa Kỹ thuật điện tử', 20),
('B23DCDT052', 'Trần Thị Nga', 'Khoa Kỹ thuật điện tử', 19),
('B23DCDT053', 'Lê Văn Phúc', 'Khoa Kỹ thuật điện tử', 21),
('B23DCDT054', 'Phạm Thị Quỳnh', 'Khoa Kỹ thuật điện tử', 18),
('B23DCDT055', 'Hoàng Văn Sơn', 'Khoa Kỹ thuật điện tử', 20),
('B23DCDT056', 'Nguyễn Thị Thảo', 'Khoa Kỹ thuật điện tử', 19),
('B23DCDT057', 'Trần Văn Tiến', 'Khoa Kỹ thuật điện tử', 21),
('B23DCDT058', 'Lê Thị Uyên', 'Khoa Kỹ thuật điện tử', 18),
('B23DCDT059', 'Phạm Văn Vũ', 'Khoa Kỹ thuật điện tử', 20),
('B23DCDT060', 'Hoàng Thị Xuân', 'Khoa Kỹ thuật điện tử', 19),
('B23DCDT061', 'Nguyễn Văn Hiếu', 'Khoa Kỹ thuật điện tử', 21),
('B23DCDT062', 'Trần Thị Hoài', 'Khoa Kỹ thuật điện tử', 18),
('B23DCDT063', 'Lê Văn Hùng', 'Khoa Kỹ thuật điện tử', 20),
('B23DCDT064', 'Phạm Thị Hương', 'Khoa Kỹ thuật điện tử', 19),
('B23DCDT065', 'Hoàng Văn Khoa', 'Khoa Kỹ thuật điện tử', 18),
('B23DCDT066', 'Nguyễn Thị Lan', 'Khoa Kỹ thuật điện tử', 21),
('B23DCDT067', 'Trần Văn Long', 'Khoa Kỹ thuật điện tử', 20),
('B23DCDT068', 'Lê Thị Mai', 'Khoa Kỹ thuật điện tử', 19),
('B23DCDT069', 'Phạm Văn Nam', 'Khoa Kỹ thuật điện tử', 21),
('B23DCDT070', 'Hoàng Thị Ngọc', 'Khoa Kỹ thuật điện tử', 18),
('B23DCDT071', 'Nguyễn Văn Phong', 'Khoa Kỹ thuật điện tử', 20),
('B23DCDT072', 'Trần Thị Quỳnh', 'Khoa Kỹ thuật điện tử', 19),
('B23DCDT073', 'Lê Văn Sáng', 'Khoa Kỹ thuật điện tử', 21),
('B23DCDT074', 'Phạm Thị Tâm', 'Khoa Kỹ thuật điện tử', 18),
('B23DCDT075', 'Hoàng Văn Tân', 'Khoa Kỹ thuật điện tử', 20),
('B23DCDT076', 'Nguyễn Thị Uyên', 'Khoa Kỹ thuật điện tử', 19),
('B23DCDT077', 'Trần Văn Việt', 'Khoa Kỹ thuật điện tử', 21),
('B23DCDT078', 'Lê Thị Xuân', 'Khoa Kỹ thuật điện tử', 18),
('B23DCDT079', 'Phạm Văn Yên', 'Khoa Kỹ thuật điện tử', 20),
('B23DCDT080', 'Hoàng Thị Ánh', 'Khoa Kỹ thuật điện tử', 19),
('B23DCDT081', 'Nguyễn Văn Bảo', 'Khoa Kỹ thuật điện tử', 21),
('B23DCDT082', 'Trần Thị Chi', 'Khoa Kỹ thuật điện tử', 18),
('B23DCDT083', 'Lê Văn Đạt', 'Khoa Kỹ thuật điện tử', 20),
('B23DCDT084', 'Phạm Thị Duyên', 'Khoa Kỹ thuật điện tử', 19),
('B23DCDT085', 'Hoàng Văn Giang', 'Khoa Kỹ thuật điện tử', 18),
('B23DCDT086', 'Nguyễn Thị Hà', 'Khoa Kỹ thuật điện tử', 21),
('B23DCDT087', 'Trần Văn Hưng', 'Khoa Kỹ thuật điện tử', 20),
('B23DCDT088', 'Lê Thị Hương', 'Khoa Kỹ thuật điện tử', 19),
('B23DCDT089', 'Phạm Văn Long', 'Khoa Kỹ thuật điện tử', 21),
('B23DCDT090', 'Hoàng Thị Lan', 'Khoa Kỹ thuật điện tử', 18),
('B23DCDT091', 'Nguyễn Văn Minh', 'Khoa Kỹ thuật điện tử', 20),
('B23DCDT092', 'Trần Thị Nga', 'Khoa Kỹ thuật điện tử', 19),
('B23DCDT093', 'Lê Văn Phúc', 'Khoa Kỹ thuật điện tử', 21),
('B23DCDT094', 'Phạm Thị Quỳnh', 'Khoa Kỹ thuật điện tử', 18),
('B23DCDT095', 'Hoàng Văn Sơn', 'Khoa Kỹ thuật điện tử', 20),
('B23DCDT096', 'Nguyễn Thị Thảo', 'Khoa Kỹ thuật điện tử', 19),
('B23DCDT097', 'Trần Văn Tiến', 'Khoa Kỹ thuật điện tử', 21),
('B23DCDT098', 'Lê Thị Uyên', 'Khoa Kỹ thuật điện tử', 18),
('B23DCDT099', 'Phạm Văn Vũ', 'Khoa Kỹ thuật điện tử', 20),
('B23DCDT100', 'Hoàng Thị Xuân', 'Khoa Kỹ thuật điện tử', 19),
('B23DCDT101', 'Nguyễn Văn Bình', 'Khoa Kỹ thuật điện tử', 21),
('B23DCDT102', 'Trần Thị Chi', 'Khoa Kỹ thuật điện tử', 18),
('B23DCDT103', 'Lê Văn Đạt', 'Khoa Kỹ thuật điện tử', 20),
('B23DCDT104', 'Phạm Thị Duyên', 'Khoa Kỹ thuật điện tử', 19);


INSERT INTO student (ID, name, dept_name, tot_cred) VALUES
('B23DCQT001', 'Nguyễn Văn Anh', 'Khoa Quản trị kinh doanh', 21),
('B23DCQT002', 'Trần Thị Bảo', 'Khoa Quản trị kinh doanh', 18),
('B23DCQT003', 'Lê Văn Công', 'Khoa Quản trị kinh doanh', 20),
('B23DCQT004', 'Phạm Thị Dương', 'Khoa Quản trị kinh doanh', 19),
('B23DCQT005', 'Hoàng Văn Đạt', 'Khoa Quản trị kinh doanh', 18),
('B23DCQT006', 'Nguyễn Thị Hạnh', 'Khoa Quản trị kinh doanh', 21),
('B23DCQT007', 'Trần Văn Hưng', 'Khoa Quản trị kinh doanh', 20),
('B23DCQT008', 'Lê Thị Hường', 'Khoa Quản trị kinh doanh', 19),
('B23DCQT009', 'Phạm Văn Khôi', 'Khoa Quản trị kinh doanh', 21),
('B23DCQT010', 'Hoàng Thị Lan Anh', 'Khoa Quản trị kinh doanh', 18),
('B23DCQT011', 'Nguyễn Văn Minh', 'Khoa Quản trị kinh doanh', 20),
('B23DCQT012', 'Trần Thị Nguyệt', 'Khoa Quản trị kinh doanh', 19),
('B23DCQT013', 'Lê Văn Phương', 'Khoa Quản trị kinh doanh', 21),
('B23DCQT014', 'Phạm Thị Quỳnh Anh', 'Khoa Quản trị kinh doanh', 18),
('B23DCQT015', 'Hoàng Văn Sơn', 'Khoa Quản trị kinh doanh', 20),
('B23DCQT016', 'Nguyễn Thị Thanh', 'Khoa Quản trị kinh doanh', 19),
('B23DCQT017', 'Trần Văn Tùng', 'Khoa Quản trị kinh doanh', 21),
('B23DCQT018', 'Lê Thị Uyên', 'Khoa Quản trị kinh doanh', 18),
('B23DCQT019', 'Phạm Văn Vượng', 'Khoa Quản trị kinh doanh', 20),
('B23DCQT020', 'Hoàng Thị Xuân Lan', 'Khoa Quản trị kinh doanh', 19),
('B23DCQT021', 'Đỗ Thị Ánh', 'Khoa Quản trị kinh doanh', 21),
('B23DCQT022', 'Bùi Văn Bình', 'Khoa Quản trị kinh doanh', 18),
('B23DCQT023', 'Ngô Thị Cúc', 'Khoa Quản trị kinh doanh', 20),
('B23DCQT024', 'Vũ Văn Dũng', 'Khoa Quản trị kinh doanh', 19),
('B23DCQT025', 'Trịnh Thị Hương', 'Khoa Quản trị kinh doanh', 18),
('B23DCQT026', 'Đặng Văn Khải', 'Khoa Quản trị kinh doanh', 21),
('B23DCQT027', 'Lý Thị Lan', 'Khoa Quản trị kinh doanh', 20),
('B23DCQT028', 'Đoàn Văn Mạnh', 'Khoa Quản trị kinh doanh', 19),
('B23DCQT029', 'Nguyễn Thị Ngọc', 'Khoa Quản trị kinh doanh', 18),
('B23DCQT030', 'Phạm Văn Quân', 'Khoa Quản trị kinh doanh', 21),
('B23DCQT031', 'Trần Thị Thanh', 'Khoa Quản trị kinh doanh', 20),
('B23DCQT032', 'Võ Văn Thành', 'Khoa Quản trị kinh doanh', 19),
('B23DCQT033', 'Nguyễn Thị Thu', 'Khoa Quản trị kinh doanh', 18),
('B23DCQT034', 'Lê Văn Tiến', 'Khoa Quản trị kinh doanh', 21),
('B23DCQT035', 'Phạm Thị Trang', 'Khoa Quản trị kinh doanh', 20),
('B23DCQT036', 'Hoàng Văn Trường', 'Khoa Quản trị kinh doanh', 19),
('B23DCQT037', 'Nguyễn Thị Tú', 'Khoa Quản trị kinh doanh', 18),
('B23DCQT038', 'Đỗ Văn Tùng', 'Khoa Quản trị kinh doanh', 21),
('B23DCQT039', 'Trần Thị Vân', 'Khoa Quản trị kinh doanh', 20),
('B23DCQT040', 'Lê Văn Vũ', 'Khoa Quản trị kinh doanh', 19),
('B23DCQT041', 'Nguyễn Văn Hùng', 'Khoa Quản trị kinh doanh', 18),
('B23DCQT042', 'Trần Thị Mai', 'Khoa Quản trị kinh doanh', 19),
('B23DCQT043', 'Lê Văn Hải', 'Khoa Quản trị kinh doanh', 20),
('B23DCQT044', 'Phạm Thị Lý', 'Khoa Quản trị kinh doanh', 21),
('B23DCQT045', 'Hoàng Văn Bình', 'Khoa Quản trị kinh doanh', 18),
('B23DCQT046', 'Nguyễn Thị Loan', 'Khoa Quản trị kinh doanh', 19),
('B23DCQT047', 'Trần Văn Phú', 'Khoa Quản trị kinh doanh', 20),
('B23DCQT048', 'Lê Thị Hoa', 'Khoa Quản trị kinh doanh', 21),
('B23DCQT049', 'Phạm Văn Huy', 'Khoa Quản trị kinh doanh', 18),
('B23DCQT050', 'Hoàng Thị Liên', 'Khoa Quản trị kinh doanh', 19),
('B23DCQT051', 'Nguyễn Văn Đạt', 'Khoa Quản trị kinh doanh', 20),
('B23DCQT052', 'Trần Thị Nga', 'Khoa Quản trị kinh doanh', 21),
('B23DCQT053', 'Lê Văn Nam', 'Khoa Quản trị kinh doanh', 18),
('B23DCQT054', 'Phạm Thị Thanh', 'Khoa Quản trị kinh doanh', 19),
('B23DCQT055', 'Hoàng Văn Tuấn', 'Khoa Quản trị kinh doanh', 20),
('B23DCQT056', 'Nguyễn Thị Hương', 'Khoa Quản trị kinh doanh', 21),
('B23DCQT057', 'Trần Văn Hòa', 'Khoa Quản trị kinh doanh', 18),
('B23DCQT058', 'Lê Thị Lài', 'Khoa Quản trị kinh doanh', 19),
('B23DCQT059', 'Phạm Văn Kiên', 'Khoa Quản trị kinh doanh', 20),
('B23DCQT060', 'Hoàng Thị Lan', 'Khoa Quản trị kinh doanh', 21),
('B23DCQT061', 'Nguyễn Văn Minh', 'Khoa Quản trị kinh doanh', 18),
('B23DCQT062', 'Trần Thị Ngọc', 'Khoa Quản trị kinh doanh', 19),
('B23DCQT063', 'Lê Văn Phong', 'Khoa Quản trị kinh doanh', 20),
('B23DCQT064', 'Phạm Thị Quỳnh', 'Khoa Quản trị kinh doanh', 21),
('B23DCQT065', 'Hoàng Văn Sơn', 'Khoa Quản trị kinh doanh', 18),
('B23DCQT066', 'Nguyễn Thị Thảo', 'Khoa Quản trị kinh doanh', 19),
('B23DCQT067', 'Trần Văn Tiến', 'Khoa Quản trị kinh doanh', 20),
('B23DCQT068', 'Lê Thị Uyên', 'Khoa Quản trị kinh doanh', 21),
('B23DCQT069', 'Phạm Văn Vũ', 'Khoa Quản trị kinh doanh', 18),
('B23DCQT070', 'Hoàng Thị Xuân', 'Khoa Quản trị kinh doanh', 19),
('B23DCQT071', 'Nguyễn Văn Việt', 'Khoa Quản trị kinh doanh', 20),
('B23DCQT072', 'Trần Thị Thu', 'Khoa Quản trị kinh doanh', 21),
('B23DCQT073', 'Lê Văn Tùng', 'Khoa Quản trị kinh doanh', 18),
('B23DCQT074', 'Phạm Thị Lan', 'Khoa Quản trị kinh doanh', 19),
('B23DCQT075', 'Hoàng Văn Tuấn', 'Khoa Quản trị kinh doanh', 20),
('B23DCQT076', 'Nguyễn Thị Ánh', 'Khoa Quản trị kinh doanh', 21),
('B23DCQT077', 'Trần Văn Bình', 'Khoa Quản trị kinh doanh', 18),
('B23DCQT078', 'Lê Thị Cúc', 'Khoa Quản trị kinh doanh', 19),
('B23DCQT079', 'Phạm Văn Dũng', 'Khoa Quản trị kinh doanh', 20),
('B23DCQT080', 'Hoàng Thị Hương', 'Khoa Quản trị kinh doanh', 21),
('B23DCQT081', 'Nguyễn Văn Khải', 'Khoa Quản trị kinh doanh', 18),
('B23DCQT082', 'Trần Thị Lan', 'Khoa Quản trị kinh doanh', 19),
('B23DCQT083', 'Lê Văn Mạnh', 'Khoa Quản trị kinh doanh', 20),
('B23DCQT084', 'Phạm Thị Ngọc', 'Khoa Quản trị kinh doanh', 21),
('B23DCQT085', 'Hoàng Văn Quân', 'Khoa Quản trị kinh doanh', 18),
('B23DCQT086', 'Nguyễn Thị Thanh', 'Khoa Quản trị kinh doanh', 19),
('B23DCQT087', 'Trần Văn Thành', 'Khoa Quản trị kinh doanh', 20),
('B23DCQT088', 'Lê Thị Thúy', 'Khoa Quản trị kinh doanh', 21),
('B23DCQT089', 'Phạm Văn Thiện', 'Khoa Quản trị kinh doanh', 18),
('B23DCQT090', 'Hoàng Thị Trinh', 'Khoa Quản trị kinh doanh', 19),
('B23DCQT091', 'Nguyễn Văn Vinh', 'Khoa Quản trị kinh doanh', 20),
('B23DCQT092', 'Trần Thị Vân', 'Khoa Quản trị kinh doanh', 21),
('B23DCQT093', 'Lê Văn Đạt', 'Khoa Quản trị kinh doanh', 18),
('B23DCQT094', 'Phạm Thị Điệp', 'Khoa Quản trị kinh doanh', 19),
('B23DCQT095', 'Hoàng Văn Duẩn', 'Khoa Quản trị kinh doanh', 20),
('B23DCQT096', 'Nguyễn Thị Đông', 'Khoa Quản trị kinh doanh', 21),
('B23DCQT097', 'Trần Văn Phương', 'Khoa Quản trị kinh doanh', 18),
('B23DCQT098', 'Lê Thị Giang', 'Khoa Quản trị kinh doanh', 19),
('B23DCQT099', 'Phạm Văn Hải', 'Khoa Quản trị kinh doanh', 20),
('B23DCQT100', 'Hoàng Thị Hằng', 'Khoa Quản trị kinh doanh', 21),
('B23DCQT101', 'Nguyễn Văn Hiếu', 'Khoa Quản trị kinh doanh', 18),
('B23DCQT102', 'Trần Thị Hiền', 'Khoa Quản trị kinh doanh', 19),
('B23DCQT103', 'Lê Văn Hùng', 'Khoa Quản trị kinh doanh', 20),
('B23DCQT104', 'Phạm Thị Hồng', 'Khoa Quản trị kinh doanh', 21),
('B23DCQT105', 'Hoàng Văn Khánh', 'Khoa Quản trị kinh doanh', 18),
('B23DCQT106', 'Nguyễn Thị Kim', 'Khoa Quản trị kinh doanh', 19);


INSERT INTO student (ID, name, dept_name, tot_cred) VALUES
('B22DCCB001', 'Nguyễn Thị Hằng', 'Khoa Cơ bản', 45),
('B22DCCB002', 'Trần Văn Đức', 'Khoa Cơ bản', 30),
('B22DCCB003', 'Lê Thị Thanh', 'Khoa Cơ bản', 60),
('B22DCCB004', 'Phạm Văn Tú', 'Khoa Cơ bản', 25),
('B22DCCB005', 'Nguyễn Văn Hưng', 'Khoa Cơ bản', 70),
('B22DCCB006', 'Trần Thị Thúy', 'Khoa Cơ bản', 55),
('B22DCCB007', 'Lê Văn An', 'Khoa Cơ bản', 40),
('B22DCCB008', 'Phạm Thị Hồng', 'Khoa Cơ bản', 65),
('B22DCCB009', 'Nguyễn Văn Tuấn', 'Khoa Cơ bản', 20),
('B22DCCB010', 'Trần Thị Hằng', 'Khoa Cơ bản', 75),
('B22DCCB011', 'Lê Văn Đức', 'Khoa Cơ bản', 35),
('B22DCCB012', 'Phạm Thị Hằng', 'Khoa Cơ bản', 50),
('B22DCCB013', 'Nguyễn Văn Tân', 'Khoa Cơ bản', 65),
('B22DCCB014', 'Trần Thị Tâm', 'Khoa Cơ bản', 30),
('B22DCCB015', 'Lê Văn Tú', 'Khoa Cơ bản', 45),
('B22DCCB016', 'Phạm Thị Lan', 'Khoa Cơ bản', 55),
('B22DCCB017', 'Nguyễn Văn Thành', 'Khoa Cơ bản', 40),
('B22DCCB018', 'Trần Thị Ngọc', 'Khoa Cơ bản', 70),
('B22DCCB019', 'Lê Văn Thành', 'Khoa Cơ bản', 25),
('B22DCCB020', 'Phạm Thị Thu', 'Khoa Cơ bản', 60),
('B22DCCB021', 'Nguyễn Văn Đạt', 'Khoa Cơ bản', 35),
('B22DCCB022', 'Trần Thị Thu', 'Khoa Cơ bản', 50),
('B22DCCB023', 'Lê Văn Anh', 'Khoa Cơ bản', 75),
('B22DCCB024', 'Phạm Thị Ngọc', 'Khoa Cơ bản', 20),
('B22DCCB025', 'Nguyễn Văn Thông', 'Khoa Cơ bản', 65),
('B22DCCB026', 'Trần Thị Kim', 'Khoa Cơ bản', 30),
('B22DCCB027', 'Lê Thị Tú', 'Khoa Cơ bản', 45),
('B22DCCB028', 'Phạm Văn Tâm', 'Khoa Cơ bản', 55),
('B22DCCB029', 'Nguyễn Thị Hằng', 'Khoa Cơ bản', 40),
('B22DCCB030', 'Trần Văn Đức', 'Khoa Cơ bản', 70),
('B22DCCB031', 'Lê Thị Thanh', 'Khoa Cơ bản', 25),
('B22DCCB032', 'Phạm Văn Tú', 'Khoa Cơ bản', 60),
('B22DCCB033', 'Nguyễn Văn Hưng', 'Khoa Cơ bản', 35),
('B22DCCB034', 'Trần Thị Thúy', 'Khoa Cơ bản', 50),
('B22DCCB035', 'Lê Văn An', 'Khoa Cơ bản', 75),
('B22DCCB036', 'Phạm Thị Hồng', 'Khoa Cơ bản', 20),
('B22DCCB037', 'Nguyễn Văn Tuấn', 'Khoa Cơ bản', 65),
('B22DCCB038', 'Trần Thị Hằng', 'Khoa Cơ bản', 30),
('B22DCCB039', 'Lê Văn Đức', 'Khoa Cơ bản', 45),
('B22DCCB040', 'Phạm Thị Hằng', 'Khoa Cơ bản', 55),
('B22DCCB041', 'Nguyễn Văn Tân', 'Khoa Cơ bản', 40),
('B22DCCB042', 'Trần Thị Tâm', 'Khoa Cơ bản', 70),
('B22DCCB043', 'Lê Văn Tú', 'Khoa Cơ bản', 25),
('B22DCCB044', 'Phạm Thị Lan', 'Khoa Cơ bản', 60),
('B22DCCB045', 'Nguyễn Văn Thành', 'Khoa Cơ bản', 35),
('B22DCCB046', 'Trần Thị Ngọc', 'Khoa Cơ bản', 50),
('B22DCCB047', 'Lê Văn Thành', 'Khoa Cơ bản', 75),
('B22DCCB048', 'Phạm Thị Thu', 'Khoa Cơ bản', 20),
('B22DCCB049', 'Nguyễn Văn Đạt', 'Khoa Cơ bản', 65),
('B22DCCB050', 'Trần Thị Thu', 'Khoa Cơ bản', 30),
('B22DCCB051', 'Lê Văn Anh', 'Khoa Cơ bản', 45),
('B22DCCB052', 'Phạm Thị Ngọc', 'Khoa Cơ bản', 55),
('B22DCCB053', 'Nguyễn Văn Thông', 'Khoa Cơ bản', 40),
('B22DCCB054', 'Trần Thị Kim', 'Khoa Cơ bản', 70),
('B22DCCB055', 'Lê Thị Tú', 'Khoa Cơ bản', 25),
('B22DCCB056', 'Phạm Văn Tâm', 'Khoa Cơ bản', 60),
('B22DCCB057', 'Nguyễn Thị Hằng', 'Khoa Cơ bản', 35),
('B22DCCB058', 'Trần Văn Đức', 'Khoa Cơ bản', 50),
('B22DCCB059', 'Lê Thị Thanh', 'Khoa Cơ bản', 75),
('B22DCCB060', 'Phạm Văn Tú', 'Khoa Cơ bản', 20),
('B22DCCB061', 'Nguyễn Văn Hưng', 'Khoa Cơ bản', 65),
('B22DCCB062', 'Trần Thị Thúy', 'Khoa Cơ bản', 30),
('B22DCCB063', 'Lê Văn An', 'Khoa Cơ bản', 45),
('B22DCCB064', 'Phạm Thị Hồng', 'Khoa Cơ bản', 55),
('B22DCCB065', 'Nguyễn Văn Tuấn', 'Khoa Cơ bản', 40),
('B22DCCB066', 'Trần Thị Hằng', 'Khoa Cơ bản', 70),
('B22DCCB067', 'Lê Văn Đức', 'Khoa Cơ bản', 25),
('B22DCCB068', 'Phạm Thị Hằng', 'Khoa Cơ bản', 60),
('B22DCCB069', 'Nguyễn Văn Tân', 'Khoa Cơ bản', 35),
('B22DCCB070', 'Trần Thị Tâm', 'Khoa Cơ bản', 50),
('B22DCCB071', 'Lê Văn Tú', 'Khoa Cơ bản', 75),
('B22DCCB072', 'Phạm Thị Lan', 'Khoa Cơ bản', 20),
('B22DCCB073', 'Nguyễn Văn Thành', 'Khoa Cơ bản', 65),
('B22DCCB074', 'Trần Thị Ngọc', 'Khoa Cơ bản', 30),
('B22DCCB075', 'Lê Văn Thành', 'Khoa Cơ bản', 45),
('B22DCCB076', 'Phạm Thị Thu', 'Khoa Cơ bản', 55),
('B22DCCB077', 'Nguyễn Văn Đạt', 'Khoa Cơ bản', 40),
('B22DCCB078', 'Trần Thị Thu', 'Khoa Cơ bản', 70),
('B22DCCB079', 'Lê Văn Anh', 'Khoa Cơ bản', 25),
('B22DCCB080', 'Phạm Thị Ngọc', 'Khoa Cơ bản', 60),
('B22DCCB081', 'Nguyễn Văn Thông', 'Khoa Cơ bản', 35),
('B22DCCB082', 'Trần Thị Kim', 'Khoa Cơ bản', 50),
('B22DCCB083', 'Lê Thị Tú', 'Khoa Cơ bản', 75),
('B22DCCB084', 'Phạm Văn Tâm', 'Khoa Cơ bản', 20),
('B22DCCB085', 'Nguyễn Thị Hằng', 'Khoa Cơ bản', 65),
('B22DCCB086', 'Trần Văn Đức', 'Khoa Cơ bản', 30),
('B22DCCB087', 'Lê Thị Thanh', 'Khoa Cơ bản', 45),
('B22DCCB088', 'Phạm Văn Tú', 'Khoa Cơ bản', 55),
('B22DCCB089', 'Nguyễn Văn Hưng', 'Khoa Cơ bản', 40),
('B22DCCB090', 'Trần Thị Thúy', 'Khoa Cơ bản', 70),
('B22DCCB091', 'Lê Văn An', 'Khoa Cơ bản', 25),
('B22DCCB092', 'Phạm Thị Hồng', 'Khoa Cơ bản', 56),
('B22DCCB093', 'Nguyễn Văn Tuấn', 'Khoa Cơ bản', 35),
('B22DCCB094', 'Trần Thị Hằng', 'Khoa Cơ bản', 50);


INSERT INTO student (ID, name, dept_name, tot_cred) VALUES
('B22DCCN001', 'Nguyễn Thị Hương', 'Khoa Công nghệ thông tin', 45),
('B22DCCN002', 'Trần Văn Nam', 'Khoa Công nghệ thông tin', 35),
('B22DCCN003', 'Lê Thị Thu', 'Khoa Công nghệ thông tin', 60),
('B22DCCN004', 'Phạm Văn Dũng', 'Khoa Công nghệ thông tin', 20),
('B22DCCN005', 'Nguyễn Thị Hạnh', 'Khoa Công nghệ thông tin', 75),
('B22DCCN006', 'Trần Văn Đức', 'Khoa Công nghệ thông tin', 30),
('B22DCCN007', 'Lê Thị Mai', 'Khoa Công nghệ thông tin', 55),
('B22DCCN008', 'Phạm Văn Hùng', 'Khoa Công nghệ thông tin', 40),
('B22DCCN009', 'Nguyễn Thị Thảo', 'Khoa Công nghệ thông tin', 65),
('B22DCCN010', 'Trần Văn Hoàng', 'Khoa Công nghệ thông tin', 25),
('B22DCCN011', 'Lê Thị Hà', 'Khoa Công nghệ thông tin', 50),
('B22DCCN012', 'Phạm Văn Quân', 'Khoa Công nghệ thông tin', 70),
('B22DCCN013', 'Nguyễn Thị Lan', 'Khoa Công nghệ thông tin', 15),
('B22DCCN014', 'Trần Văn Tùng', 'Khoa Công nghệ thông tin', 65),
('B22DCCN015', 'Lê Thị Ngọc', 'Khoa Công nghệ thông tin', 20),
('B22DCCN016', 'Phạm Văn Sơn', 'Khoa Công nghệ thông tin', 55),
('B22DCCN017', 'Nguyễn Thị Thủy', 'Khoa Công nghệ thông tin', 30),
('B22DCCN018', 'Trần Văn Dương', 'Khoa Công nghệ thông tin', 45),
('B22DCCN019', 'Lê Thị Thanh', 'Khoa Công nghệ thông tin', 25),
('B22DCCN020', 'Phạm Văn An', 'Khoa Công nghệ thông tin', 60),
('B22DCCN021', 'Nguyễn Thị Hải', 'Khoa Công nghệ thông tin', 35),
('B22DCCN022', 'Trần Văn Minh', 'Khoa Công nghệ thông tin', 50),
('B22DCCN023', 'Lê Thị Thuỳ', 'Khoa Công nghệ thông tin', 65),
('B22DCCN024', 'Phạm Văn Phúc', 'Khoa Công nghệ thông tin', 40),
('B22DCCN025', 'Nguyễn Thị Phương', 'Khoa Công nghệ thông tin', 75),
('B22DCCN026', 'Trần Văn Hòa', 'Khoa Công nghệ thông tin', 30),
('B22DCCN027', 'Lê Thị Hồng', 'Khoa Công nghệ thông tin', 55),
('B22DCCN028', 'Phạm Văn Tuấn', 'Khoa Công nghệ thông tin', 20),
('B22DCCN029', 'Nguyễn Thị Thơm', 'Khoa Công nghệ thông tin', 70),
('B22DCCN030', 'Trần Văn Hưng', 'Khoa Công nghệ thông tin', 15),
('B22DCCN031', 'Lê Thị Lan', 'Khoa Công nghệ thông tin', 50),
('B22DCCN032', 'Phạm Văn Đạt', 'Khoa Công nghệ thông tin', 65),
('B22DCCN033', 'Nguyễn Thị Hường', 'Khoa Công nghệ thông tin', 30),
('B22DCCN034', 'Trần Văn Hải', 'Khoa Công nghệ thông tin', 45),
('B22DCCN035', 'Lê Thị Hà', 'Khoa Công nghệ thông tin', 25),
('B22DCCN036', 'Phạm Văn Thanh', 'Khoa Công nghệ thông tin', 60),
('B22DCCN037', 'Nguyễn Thị Hà', 'Khoa Công nghệ thông tin', 35),
('B22DCCN038', 'Trần Văn Tuấn', 'Khoa Công nghệ thông tin', 50),
('B22DCCN039', 'Lê Thị Hải', 'Khoa Công nghệ thông tin', 65),
('B22DCCN040', 'Phạm Văn Đức', 'Khoa Công nghệ thông tin', 20),
('B22DCCN041', 'Nguyễn Thị Ngọc', 'Khoa Công nghệ thông tin', 75),
('B22DCCN042', 'Trần Văn Hùng', 'Khoa Công nghệ thông tin', 30),
('B22DCCN043', 'Lê Thị Thảo', 'Khoa Công nghệ thông tin', 55),
('B22DCCN044', 'Phạm Văn Minh', 'Khoa Công nghệ thông tin', 40),
('B22DCCN045', 'Nguyễn Thị Hạnh', 'Khoa Công nghệ thông tin', 65),
('B22DCCN046', 'Trần Văn Thành', 'Khoa Công nghệ thông tin', 25),
('B22DCCN047', 'Lê Thị Thu', 'Khoa Công nghệ thông tin', 50),
('B22DCCN048', 'Phạm Văn Long', 'Khoa Công nghệ thông tin', 70),
('B22DCCN049', 'Nguyễn Thị Thủy', 'Khoa Công nghệ thông tin', 15),
('B22DCCN050', 'Trần Văn Hoàng', 'Khoa Công nghệ thông tin', 60),
('B22DCCN051', 'Lê Thị Hương', 'Khoa Công nghệ thông tin', 35),
('B22DCCN052', 'Phạm Văn Dũng', 'Khoa Công nghệ thông tin', 50),
('B22DCCN053', 'Nguyễn Thị Hà', 'Khoa Công nghệ thông tin', 65),
('B22DCCN054', 'Trần Văn Nam', 'Khoa Công nghệ thông tin', 20),
('B22DCCN055', 'Lê Thị Thu', 'Khoa Công nghệ thông tin', 75),
('B22DCCN056', 'Phạm Văn Đức', 'Khoa Công nghệ thông tin', 30),
('B22DCCN057', 'Nguyễn Thị Mai', 'Khoa Công nghệ thông tin', 55),
('B22DCCN058', 'Trần Văn Hùng', 'Khoa Công nghệ thông tin', 40),
('B22DCCN059', 'Lê Thị Thúy', 'Khoa Công nghệ thông tin', 65),
('B22DCCN060', 'Phạm Văn Hoàng', 'Khoa Công nghệ thông tin', 25),
('B22DCCN061', 'Nguyễn Thị Thanh', 'Khoa Công nghệ thông tin', 60),
('B22DCCN062', 'Trần Văn Quân', 'Khoa Công nghệ thông tin', 35),
('B22DCCN063', 'Lê Thị Lan', 'Khoa Công nghệ thông tin', 50),
('B22DCCN064', 'Phạm Văn Sơn', 'Khoa Công nghệ thông tin', 70),
('B22DCCN065', 'Nguyễn Thị Thảo', 'Khoa Công nghệ thông tin', 15),
('B22DCCN066', 'Trần Văn Tùng', 'Khoa Công nghệ thông tin', 60),
('B22DCCN067', 'Lê Thị Ngọc', 'Khoa Công nghệ thông tin', 35),
('B22DCCN068', 'Phạm Văn Sơn', 'Khoa Công nghệ thông tin', 50),
('B22DCCN069', 'Nguyễn Thị Thanh', 'Khoa Công nghệ thông tin', 65),
('B22DCCN070', 'Trần Văn Dương', 'Khoa Công nghệ thông tin', 20),
('B22DCCN071', 'Lê Thị Thanh', 'Khoa Công nghệ thông tin', 55),
('B22DCCN072', 'Phạm Văn An', 'Khoa Công nghệ thông tin', 40),
('B22DCCN073', 'Nguyễn Thị Hải', 'Khoa Công nghệ thông tin', 75),
('B22DCCN074', 'Trần Văn Minh', 'Khoa Công nghệ thông tin', 30),
('B22DCCN075', 'Lê Thị Mai', 'Khoa Công nghệ thông tin', 55),
('B22DCCN076', 'Phạm Văn Hùng', 'Khoa Công nghệ thông tin', 20),
('B22DCCN077', 'Nguyễn Thị Thảo', 'Khoa Công nghệ thông tin', 70),
('B22DCCN078', 'Trần Văn Tuấn', 'Khoa Công nghệ thông tin', 15),
('B22DCCN079', 'Lê Thị Hương', 'Khoa Công nghệ thông tin', 50),
('B22DCCN080', 'Phạm Văn Đức', 'Khoa Công nghệ thông tin', 65),
('B22DCCN081', 'Nguyễn Thị Hà', 'Khoa Công nghệ thông tin', 35),
('B22DCCN082', 'Trần Văn Tuấn', 'Khoa Công nghệ thông tin', 50),
('B22DCCN083', 'Lê Thị Hải', 'Khoa Công nghệ thông tin', 65),
('B22DCCN084', 'Phạm Văn Đức', 'Khoa Công nghệ thông tin', 20),
('B22DCCN085', 'Nguyễn Thị Ngọc', 'Khoa Công nghệ thông tin', 75),
('B22DCCN086', 'Trần Văn Hùng', 'Khoa Công nghệ thông tin', 30),
('B22DCCN087', 'Lê Thị Thảo', 'Khoa Công nghệ thông tin', 55),
('B22DCCN088', 'Phạm Văn Minh', 'Khoa Công nghệ thông tin', 40),
('B22DCCN089', 'Nguyễn Thị Hạnh', 'Khoa Công nghệ thông tin', 65),
('B22DCCN090', 'Trần Văn Thành', 'Khoa Công nghệ thông tin', 25),
('B22DCCN091', 'Lê Thị Thu', 'Khoa Công nghệ thông tin', 50),
('B22DCCN092', 'Phạm Văn Long', 'Khoa Công nghệ thông tin', 70),
('B22DCCN093', 'Nguyễn Thị Thủy', 'Khoa Công nghệ thông tin', 15),
('B22DCCN094', 'Trần Văn Hoàng', 'Khoa Công nghệ thông tin', 60),
('B22DCCN095', 'Lê Thị Hương', 'Khoa Công nghệ thông tin', 35),
('B22DCCN096', 'Phạm Văn Dũng', 'Khoa Công nghệ thông tin', 50),
('B22DCCN097', 'Nguyễn Thị Hà', 'Khoa Công nghệ thông tin', 65),
('B22DCCN098', 'Trần Văn Nam', 'Khoa Công nghệ thông tin', 20),
('B22DCCN099', 'Lê Thị Thu', 'Khoa Công nghệ thông tin', 75),
('B22DCCN100', 'Phạm Văn Đức', 'Khoa Công nghệ thông tin', 30),
('B22DCCN101', 'Nguyễn Thị Mai', 'Khoa Công nghệ thông tin', 55),
('B22DCCN102', 'Trần Văn Hùng', 'Khoa Công nghệ thông tin', 40),
('B22DCCN103', 'Lê Thị Thúy', 'Khoa Công nghệ thông tin', 65),
('B22DCCN104', 'Phạm Văn Hoàng', 'Khoa Công nghệ thông tin', 25),
('B22DCCN105', 'Nguyễn Thị Thanh', 'Khoa Công nghệ thông tin', 60),
('B22DCCN106', 'Trần Văn Quân', 'Khoa Công nghệ thông tin', 35),
('B22DCCN107', 'Lê Thị Lan', 'Khoa Công nghệ thông tin', 50),
('B22DCCN108', 'Phạm Văn Sơn', 'Khoa Công nghệ thông tin', 70),
('B22DCCN109', 'Nguyễn Thị Thảo', 'Khoa Công nghệ thông tin', 15),
('B22DCCN110', 'Trần Văn Tùng', 'Khoa Công nghệ thông tin', 60),
('B22DCCN111', 'Lê Thị Ngọc', 'Khoa Công nghệ thông tin', 35),
('B22DCCN112', 'Phạm Văn Sơn', 'Khoa Công nghệ thông tin', 50),
('B22DCCN113', 'Nguyễn Thị Thanh', 'Khoa Công nghệ thông tin', 65),
('B22DCCN114', 'Trần Văn Dương', 'Khoa Công nghệ thông tin', 20),
('B22DCCN115', 'Lê Thị Thanh', 'Khoa Công nghệ thông tin', 55),
('B22DCCN116', 'Phạm Văn An', 'Khoa Công nghệ thông tin', 40),
('B22DCCN117', 'Nguyễn Thị Hải', 'Khoa Công nghệ thông tin', 75),
('B22DCCN118', 'Trần Văn Minh', 'Khoa Công nghệ thông tin', 30),
('B22DCCN119', 'Lê Thị Mai', 'Khoa Công nghệ thông tin', 55),
('B22DCCN120', 'Phạm Văn Hùng', 'Khoa Công nghệ thông tin', 20),
('B22DCCN121', 'Nguyễn Thị Thảo', 'Khoa Công nghệ thông tin', 70),
('B22DCCN122', 'Trần Văn Tuấn', 'Khoa Công nghệ thông tin', 15),
('B22DCCN123', 'Lê Thị Hương', 'Khoa Công nghệ thông tin', 50),
('B22DCCN124', 'Phạm Văn Đức', 'Khoa Công nghệ thông tin', 65),
('B22DCCN125', 'Nguyễn Thị Hà', 'Khoa Công nghệ thông tin', 35),
('B22DCCN126', 'Trần Văn Tuấn', 'Khoa Công nghệ thông tin', 50),
('B22DCCN127', 'Lê Thị Hải', 'Khoa Công nghệ thông tin', 65),
('B22DCCN128', 'Phạm Văn Đức', 'Khoa Công nghệ thông tin', 20),
('B22DCCN129', 'Nguyễn Thị Ngọc', 'Khoa Công nghệ thông tin', 75),
('B22DCCN130', 'Trần Văn Hùng', 'Khoa Công nghệ thông tin', 30),
('B22DCCN131', 'Lê Thị Thảo', 'Khoa Công nghệ thông tin', 55),
('B22DCCN132', 'Phạm Văn Minh', 'Khoa Công nghệ thông tin', 40),
('B22DCCN133', 'Nguyễn Thị Hạnh', 'Khoa Công nghệ thông tin', 65),
('B22DCCN134', 'Trần Văn Thành', 'Khoa Công nghệ thông tin', 25),
('B22DCCN135', 'Lê Thị Thu', 'Khoa Công nghệ thông tin', 50),
('B22DCCN136', 'Phạm Văn Long', 'Khoa Công nghệ thông tin', 70),
('B22DCCN137', 'Nguyễn Thị Thủy', 'Khoa Công nghệ thông tin', 15),
('B22DCCN138', 'Trần Văn Hoàng', 'Khoa Công nghệ thông tin', 60),
('B22DCCN139', 'Lê Thị Hương', 'Khoa Công nghệ thông tin', 35),
('B22DCCN140', 'Phạm Văn Dũng', 'Khoa Công nghệ thông tin', 50),
('B22DCCN141', 'Nguyễn Thị Hà', 'Khoa Công nghệ thông tin', 65),
('B22DCCN142', 'Trần Văn Nam', 'Khoa Công nghệ thông tin', 20),
('B22DCCN143', 'Lê Thị Thu', 'Khoa Công nghệ thông tin', 75),
('B22DCCN144', 'Phạm Văn Đức', 'Khoa Công nghệ thông tin', 30),
('B22DCCN145', 'Nguyễn Thị Mai', 'Khoa Công nghệ thông tin', 55),
('B22DCCN146', 'Trần Văn Hùng', 'Khoa Công nghệ thông tin', 40);


INSERT INTO student (ID, name, dept_name, tot_cred) VALUES
('B21DCCB001', 'Nguyễn Văn An', 'Khoa Cơ bản', 90),
('B21DCCB002', 'Trần Thị Bình', 'Khoa Cơ bản', 75),
('B21DCCB003', 'Phạm Văn Cường', 'Khoa Cơ bản', 110),
('B21DCCB004', 'Lê Thị Dung', 'Khoa Cơ bản', 45),
('B21DCCB005', 'Hoàng Minh Đức', 'Khoa Cơ bản', 80),
('B21DCCB006', 'Vũ Thị Hà', 'Khoa Cơ bản', 105),
('B21DCCB007', 'Nguyễn Văn Hiển', 'Khoa Cơ bản', 60),
('B21DCCB008', 'Trần Thị Huệ', 'Khoa Cơ bản', 95),
('B21DCCB009', 'Phạm Văn Khánh', 'Khoa Cơ bản', 70),
('B21DCCB010', 'Lê Thị Lan', 'Khoa Cơ bản', 115),
('B21DCCB011', 'Hoàng Văn Minh', 'Khoa Cơ bản', 40),
('B21DCCB012', 'Vũ Thị Nga', 'Khoa Cơ bản', 85),
('B21DCCB013', 'Nguyễn Văn Oanh', 'Khoa Cơ bản', 100),
('B21DCCB014', 'Trần Thị Phương', 'Khoa Cơ bản', 55),
('B21DCCB015', 'Phạm Văn Quân', 'Khoa Cơ bản', 120),
('B21DCCB016', 'Lê Thị Sương', 'Khoa Cơ bản', 65),
('B21DCCB017', 'Hoàng Văn Tâm', 'Khoa Cơ bản', 110),
('B21DCCB018', 'Vũ Thị Uyên', 'Khoa Cơ bản', 90),
('B21DCCB019', 'Nguyễn Văn Vũ', 'Khoa Cơ bản', 75),
('B21DCCB020', 'Trần Thị Xuân', 'Khoa Cơ bản', 105),
('B21DCCB021', 'Phạm Văn Yên', 'Khoa Cơ bản', 50),
('B21DCCB022', 'Lê Thị Ánh', 'Khoa Cơ bản', 95),
('B21DCCB023', 'Hoàng Minh Châu', 'Khoa Cơ bản', 70),
('B21DCCB024', 'Vũ Thị Dung', 'Khoa Cơ bản', 115),
('B21DCCB025', 'Nguyễn Văn Hào', 'Khoa Cơ bản', 45),
('B21DCCB026', 'Trần Thị Kiều', 'Khoa Cơ bản', 80),
('B21DCCB027', 'Phạm Văn Lâm', 'Khoa Cơ bản', 100),
('B21DCCB028', 'Lê Thị Mai', 'Khoa Cơ bản', 55),
('B21DCCB029', 'Hoàng Văn Nam', 'Khoa Cơ bản', 120),
('B21DCCB030', 'Vũ Thị Ngọc', 'Khoa Cơ bản', 65),
('B21DCCB031', 'Nguyễn Văn Phong', 'Khoa Cơ bản', 110),
('B21DCCB032', 'Trần Thị Quế', 'Khoa Cơ bản', 90),
('B21DCCB033', 'Phạm Văn Sơn', 'Khoa Cơ bản', 75),
('B21DCCB034', 'Lê Thị Thanh', 'Khoa Cơ bản', 105),
('B21DCCB035', 'Hoàng Văn Trọng', 'Khoa Cơ bản', 40),
('B21DCCB036', 'Vũ Thị Anh', 'Khoa Cơ bản', 85),
('B21DCCB037', 'Nguyễn Văn Bảo', 'Khoa Cơ bản', 100),
('B21DCCB038', 'Trần Thị Cẩm', 'Khoa Cơ bản', 55),
('B21DCCB039', 'Phạm Văn Đạt', 'Khoa Cơ bản', 120),
('B21DCCB040', 'Lê Thị Duyên', 'Khoa Cơ bản', 65),
('B21DCCB041', 'Hoàng Văn Giang', 'Khoa Cơ bản', 110),
('B21DCCB042', 'Vũ Thị Hạnh', 'Khoa Cơ bản', 90),
('B21DCCB043', 'Nguyễn Văn Hòa', 'Khoa Cơ bản', 75),
('B21DCCB044', 'Trần Thị Lan', 'Khoa Cơ bản', 105),
('B21DCCB045', 'Phạm Văn Long', 'Khoa Cơ bản', 50),
('B21DCCB046', 'Lê Thị Mai', 'Khoa Cơ bản', 115),
('B21DCCB047', 'Hoàng Văn Nghĩa', 'Khoa Cơ bản', 40),
('B21DCCB048', 'Vũ Thị Nguyệt', 'Khoa Cơ bản', 85),
('B21DCCB049', 'Nguyễn Văn Phú', 'Khoa Cơ bản', 100),
('B21DCCB050', 'Trần Thị Quỳnh', 'Khoa Cơ bản', 55),
('B21DCCB051', 'Phạm Văn Sửu', 'Khoa Cơ bản', 120),
('B21DCCB052', 'Lê Thị Tâm', 'Khoa Cơ bản', 65),
('B21DCCB053', 'Nguyễn Văn Tân', 'Khoa Cơ bản', 110),
('B21DCCB054', 'Trần Thị Trang', 'Khoa Cơ bản', 90),
('B21DCCB055', 'Phạm Văn Trung', 'Khoa Cơ bản', 75),
('B21DCCB056', 'Lê Thị Uyên', 'Khoa Cơ bản', 105),
('B21DCCB057', 'Hoàng Văn Vinh', 'Khoa Cơ bản', 50),
('B21DCCB058', 'Vũ Thị Yến', 'Khoa Cơ bản', 95),
('B21DCCB059', 'Nguyễn Văn Đức', 'Khoa Cơ bản', 70),
('B21DCCB060', 'Trần Thị Hồng', 'Khoa Cơ bản', 115),
('B21DCCB061', 'Phạm Văn Hùng', 'Khoa Cơ bản', 45),
('B21DCCB062', 'Lê Thị Lan Anh', 'Khoa Cơ bản', 80),
('B21DCCB063', 'Nguyễn Văn Tuấn', 'Khoa Cơ bản', 100),
('B21DCCB064', 'Trần Thị Thu', 'Khoa Cơ bản', 55),
('B21DCCB065', 'Phạm Văn Lợi', 'Khoa Cơ bản', 120),
('B21DCCB066', 'Lê Thị Ngọc Ánh', 'Khoa Cơ bản', 65),
('B21DCCB067', 'Nguyễn Văn Quyết', 'Khoa Cơ bản', 110),
('B21DCCB068', 'Trần Thị Thu Hương', 'Khoa Cơ bản', 90),
('B21DCCB069', 'Phạm Văn Thành', 'Khoa Cơ bản', 75),
('B21DCCB070', 'Lê Thị Thùy Trang', 'Khoa Cơ bản', 105),
('B21DCCB071', 'Nguyễn Văn Dũng', 'Khoa Cơ bản', 40),
('B21DCCB072', 'Trần Thị Kim Ngân', 'Khoa Cơ bản', 85),
('B21DCCB073', 'Phạm Văn Anh', 'Khoa Cơ bản', 100),
('B21DCCB074', 'Lê Thị Thanh Thủy', 'Khoa Cơ bản', 55),
('B21DCCB075', 'Nguyễn Văn Tuấn Anh', 'Khoa Cơ bản', 120),
('B21DCCB076', 'Trần Thị Ngọc Lan', 'Khoa Cơ bản', 65),
('B21DCCB077', 'Phạm Văn Đông', 'Khoa Cơ bản', 110),
('B21DCCB078', 'Lê Thị Hương Giang', 'Khoa Cơ bản', 90),
('B21DCCB079', 'Nguyễn Văn Bình', 'Khoa Cơ bản', 75),
('B21DCCB080', 'Trần Thị Thu Hà', 'Khoa Cơ bản', 105),
('B21DCCB081', 'Phạm Văn Thắng', 'Khoa Cơ bản', 40),
('B21DCCB082', 'Lê Thị Thúy Kiều', 'Khoa Cơ bản', 85),
('B21DCCB083', 'Nguyễn Văn Sơn', 'Khoa Cơ bản', 100),
('B21DCCB084', 'Trần Thị Hồng Nhung', 'Khoa Cơ bản', 55),
('B21DCCB085', 'Phạm Văn Hải', 'Khoa Cơ bản', 120),
('B21DCCB086', 'Lê Thị Lan Hương', 'Khoa Cơ bản', 65),
('B21DCCB087', 'Nguyễn Văn Hải', 'Khoa Cơ bản', 110),
('B21DCCB088', 'Trần Thị Thanh Hà', 'Khoa Cơ bản', 90),
('B21DCCB089', 'Phạm Văn Tú', 'Khoa Cơ bản', 75),
('B21DCCB090', 'Lê Thị Kim Thanh', 'Khoa Cơ bản', 105),
('B21DCCB091', 'Nguyễn Văn Tuấn', 'Khoa Cơ bản', 40),
('B21DCCB092', 'Trần Thị Hồng Hạnh', 'Khoa Cơ bản', 85),
('B21DCCB093', 'Phạm Văn Thịnh', 'Khoa Cơ bản', 100);

INSERT INTO student (ID, name, dept_name, tot_cred) VALUES
('B21DCCN001', 'Nguyễn Văn An', 'Khoa Công nghệ thông tin', 90),
('B21DCCN002', 'Trần Thị Bình', 'Khoa Công nghệ thông tin', 75),
('B21DCCN003', 'Phạm Văn Cường', 'Khoa Công nghệ thông tin', 110),
('B21DCCN004', 'Lê Thị Dung', 'Khoa Công nghệ thông tin', 45),
('B21DCCN005', 'Hoàng Minh Đức', 'Khoa Công nghệ thông tin', 80),
('B21DCCN006', 'Vũ Thị Hà', 'Khoa Công nghệ thông tin', 105),
('B21DCCN007', 'Nguyễn Văn Hiển', 'Khoa Công nghệ thông tin', 60),
('B21DCCN008', 'Trần Thị Huệ', 'Khoa Công nghệ thông tin', 95),
('B21DCCN009', 'Phạm Văn Khánh', 'Khoa Công nghệ thông tin', 70),
('B21DCCN010', 'Lê Thị Lan', 'Khoa Công nghệ thông tin', 115),
('B21DCCN011', 'Hoàng Văn Minh', 'Khoa Công nghệ thông tin', 40),
('B21DCCN012', 'Vũ Thị Nga', 'Khoa Công nghệ thông tin', 85),
('B21DCCN013', 'Nguyễn Văn Oanh', 'Khoa Công nghệ thông tin', 100),
('B21DCCN014', 'Trần Thị Phương', 'Khoa Công nghệ thông tin', 55),
('B21DCCN015', 'Phạm Văn Quân', 'Khoa Công nghệ thông tin', 120),
('B21DCCN016', 'Lê Thị Sương', 'Khoa Công nghệ thông tin', 65),
('B21DCCN017', 'Hoàng Văn Tâm', 'Khoa Công nghệ thông tin', 110),
('B21DCCN018', 'Vũ Thị Uyên', 'Khoa Công nghệ thông tin', 90),
('B21DCCN019', 'Nguyễn Văn Vũ', 'Khoa Công nghệ thông tin', 75),
('B21DCCN020', 'Trần Thị Xuân', 'Khoa Công nghệ thông tin', 105),
('B21DCCN021', 'Phạm Văn Yên', 'Khoa Công nghệ thông tin', 50),
('B21DCCN022', 'Lê Thị Ánh', 'Khoa Công nghệ thông tin', 95),
('B21DCCN023', 'Hoàng Minh Châu', 'Khoa Công nghệ thông tin', 70),
('B21DCCN024', 'Vũ Thị Dung', 'Khoa Công nghệ thông tin', 115),
('B21DCCN025', 'Nguyễn Văn Hào', 'Khoa Công nghệ thông tin', 45),
('B21DCCN026', 'Trần Thị Kiều', 'Khoa Công nghệ thông tin', 80),
('B21DCCN027', 'Phạm Văn Lâm', 'Khoa Công nghệ thông tin', 100),
('B21DCCN028', 'Lê Thị Mai', 'Khoa Công nghệ thông tin', 55),
('B21DCCN029', 'Hoàng Văn Nam', 'Khoa Công nghệ thông tin', 120),
('B21DCCN030', 'Vũ Thị Ngọc', 'Khoa Công nghệ thông tin', 65),
('B21DCCN031', 'Nguyễn Văn Phong', 'Khoa Công nghệ thông tin', 110),
('B21DCCN032', 'Trần Thị Quế', 'Khoa Công nghệ thông tin', 90),
('B21DCCN033', 'Phạm Văn Sơn', 'Khoa Công nghệ thông tin', 75),
('B21DCCN034', 'Lê Thị Thanh', 'Khoa Công nghệ thông tin', 105),
('B21DCCN035', 'Hoàng Văn Trọng', 'Khoa Công nghệ thông tin', 40),
('B21DCCN036', 'Vũ Thị Anh', 'Khoa Công nghệ thông tin', 85),
('B21DCCN037', 'Nguyễn Văn Bảo', 'Khoa Công nghệ thông tin', 100),
('B21DCCN038', 'Trần Thị Cẩm', 'Khoa Công nghệ thông tin', 55),
('B21DCCN039', 'Phạm Văn Đạt', 'Khoa Công nghệ thông tin', 120),
('B21DCCN040', 'Lê Thị Duyên', 'Khoa Công nghệ thông tin', 65),
('B21DCCN041', 'Hoàng Văn Giang', 'Khoa Công nghệ thông tin', 110),
('B21DCCN042', 'Vũ Thị Hạnh', 'Khoa Công nghệ thông tin', 90),
('B21DCCN043', 'Nguyễn Văn Hòa', 'Khoa Công nghệ thông tin', 75),
('B21DCCN044', 'Trần Thị Lan', 'Khoa Công nghệ thông tin', 105),
('B21DCCN045', 'Phạm Văn Long', 'Khoa Công nghệ thông tin', 50),
('B21DCCN046', 'Lê Thị Mai', 'Khoa Công nghệ thông tin', 115),
('B21DCCN047', 'Hoàng Văn Nghĩa', 'Khoa Công nghệ thông tin', 40),
('B21DCCN048', 'Vũ Thị Nguyệt', 'Khoa Công nghệ thông tin', 85),
('B21DCCN049', 'Nguyễn Văn Phú', 'Khoa Công nghệ thông tin', 100),
('B21DCCN050', 'Trần Thị Quỳnh', 'Khoa Công nghệ thông tin', 55),
('B21DCCN051', 'Phạm Văn Sửu', 'Khoa Công nghệ thông tin', 120),
('B21DCCN052', 'Lê Thị Tâm', 'Khoa Công nghệ thông tin', 65),
('B21DCCN053', 'Nguyễn Văn Tân', 'Khoa Công nghệ thông tin', 110),
('B21DCCN054', 'Trần Thị Trang', 'Khoa Công nghệ thông tin', 90),
('B21DCCN055', 'Phạm Văn Trung', 'Khoa Công nghệ thông tin', 75),
('B21DCCN056', 'Lê Thị Uyên', 'Khoa Công nghệ thông tin', 105),
('B21DCCN057', 'Hoàng Văn Vinh', 'Khoa Công nghệ thông tin', 50),
('B21DCCN058', 'Vũ Thị Yến', 'Khoa Công nghệ thông tin', 95),
('B21DCCN059', 'Nguyễn Văn Đức', 'Khoa Công nghệ thông tin', 70),
('B21DCCN060', 'Trần Thị Hồng', 'Khoa Công nghệ thông tin', 115),
('B21DCCN061', 'Phạm Văn Hùng', 'Khoa Công nghệ thông tin', 45),
('B21DCCN062', 'Lê Thị Lan Anh', 'Khoa Công nghệ thông tin', 80),
('B21DCCN063', 'Nguyễn Văn Tuấn', 'Khoa Công nghệ thông tin', 100),
('B21DCCN064', 'Trần Thị Thu', 'Khoa Công nghệ thông tin', 55),
('B21DCCN065', 'Phạm Văn Lợi', 'Khoa Công nghệ thông tin', 120),
('B21DCCN066', 'Lê Thị Ngọc Ánh', 'Khoa Công nghệ thông tin', 65),
('B21DCCN067', 'Nguyễn Văn Quyết', 'Khoa Công nghệ thông tin', 110),
('B21DCCN068', 'Trần Thị Thu Hương', 'Khoa Công nghệ thông tin', 90),
('B21DCCN069', 'Phạm Văn Thành', 'Khoa Công nghệ thông tin', 75),
('B21DCCN070', 'Lê Thị Thùy Trang', 'Khoa Công nghệ thông tin', 105),
('B21DCCN071', 'Nguyễn Văn Dũng', 'Khoa Công nghệ thông tin', 40),
('B21DCCN072', 'Trần Thị Kim Ngân', 'Khoa Công nghệ thông tin', 85),
('B21DCCN073', 'Phạm Văn Anh', 'Khoa Công nghệ thông tin', 100),
('B21DCCN074', 'Lê Thị Thanh Thủy', 'Khoa Công nghệ thông tin', 55),
('B21DCCN075', 'Nguyễn Văn Tuấn Anh', 'Khoa Công nghệ thông tin', 120),
('B21DCCN076', 'Trần Thị Ngọc Lan', 'Khoa Công nghệ thông tin', 65),
('B21DCCN077', 'Phạm Văn Đông', 'Khoa Công nghệ thông tin', 110),
('B21DCCN078', 'Lê Thị Hương Giang', 'Khoa Công nghệ thông tin', 90),
('B21DCCN079', 'Nguyễn Văn Bình', 'Khoa Công nghệ thông tin', 75),
('B21DCCN080', 'Trần Thị Thu Hà', 'Khoa Công nghệ thông tin', 105),
('B21DCCN081', 'Phạm Văn Thắng', 'Khoa Công nghệ thông tin', 40),
('B21DCCN082', 'Lê Thị Thúy Kiều', 'Khoa Công nghệ thông tin', 85),
('B21DCCN083', 'Nguyễn Văn Sơn', 'Khoa Công nghệ thông tin', 100),
('B21DCCN084', 'Trần Thị Hồng Nhung', 'Khoa Công nghệ thông tin', 55),
('B21DCCN085', 'Phạm Văn Hải', 'Khoa Công nghệ thông tin', 120),
('B21DCCN086', 'Lê Thị Lan Hương', 'Khoa Công nghệ thông tin', 65),
('B21DCCN087', 'Nguyễn Văn Hải', 'Khoa Công nghệ thông tin', 110),
('B21DCCN088', 'Trần Thị Thanh Hà', 'Khoa Công nghệ thông tin', 90),
('B21DCCN089', 'Phạm Văn Tú', 'Khoa Công nghệ thông tin', 75),
('B21DCCN090', 'Lê Thị Kim Thanh', 'Khoa Công nghệ thông tin', 105),
('B21DCCN091', 'Nguyễn Văn Tuấn', 'Khoa Công nghệ thông tin', 40),
('B21DCCN092', 'Trần Thị Hồng Hạnh', 'Khoa Công nghệ thông tin', 85),
('B21DCCN093', 'Phạm Văn Thịnh', 'Khoa Công nghệ thông tin', 100),
('B21DCCN094', 'Lê Thị Quỳnh Anh', 'Khoa Công nghệ thông tin', 55),
('B21DCCN095', 'Nguyễn Văn Long', 'Khoa Công nghệ thông tin', 120),
('B21DCCN096', 'Trần Thị Mai Hương', 'Khoa Công nghệ thông tin', 65),
('B21DCCN097', 'Phạm Văn Hưng', 'Khoa Công nghệ thông tin', 110),
('B21DCCN098', 'Lê Thị Thanh Hương', 'Khoa Công nghệ thông tin', 90),
('B21DCCN099', 'Nguyễn Văn Hòa', 'Khoa Công nghệ thông tin', 75),
('B21DCCN100', 'Trần Thị Hạnh', 'Khoa Công nghệ thông tin', 105),
('B21DCCN101', 'Phạm Văn Hoàng', 'Khoa Công nghệ thông tin', 40),
('B21DCCN102', 'Lê Thị Thùy Dương', 'Khoa Công nghệ thông tin', 85),
('B21DCCN103', 'Nguyễn Văn Huy', 'Khoa Công nghệ thông tin', 100),
('B21DCCN104', 'Trần Thị Thúy Hằng', 'Khoa Công nghệ thông tin', 55),
('B21DCCN105', 'Phạm Văn Hưng', 'Khoa Công nghệ thông tin', 120),
('B21DCCN106', 'Lê Thị Thanh Hằng', 'Khoa Công nghệ thông tin', 65),
('B21DCCN107', 'Nguyễn Văn Hoa', 'Khoa Công nghệ thông tin', 110),
('B21DCCN108', 'Trần Thị Thanh Thảo', 'Khoa Công nghệ thông tin', 90),
('B21DCCN109', 'Phạm Văn Tuấn', 'Khoa Công nghệ thông tin', 75),
('B21DCCN110', 'Lê Thị Thảo Nhi', 'Khoa Công nghệ thông tin', 105),
('B21DCCN111', 'Nguyễn Văn Khoa', 'Khoa Công nghệ thông tin', 40),
('B21DCCN112', 'Trần Thị Ngọc Trâm', 'Khoa Công nghệ thông tin', 85),
('B21DCCN113', 'Phạm Văn Bảo', 'Khoa Công nghệ thông tin', 100),
('B21DCCN114', 'Lê Thị Thùy Linh', 'Khoa Công nghệ thông tin', 55),
('B21DCCN115', 'Nguyễn Văn Đông', 'Khoa Công nghệ thông tin', 120),
('B21DCCN116', 'Trần Thị Thanh Tâm', 'Khoa Công nghệ thông tin', 65),
('B21DCCN117', 'Phạm Văn Đức', 'Khoa Công nghệ thông tin', 110),
('B21DCCN118', 'Lê Thị Hồng Nhung', 'Khoa Công nghệ thông tin', 90),
('B21DCCN119', 'Nguyễn Văn Hải', 'Khoa Công nghệ thông tin', 75),
('B21DCCN120', 'Trần Thị Thu Trang', 'Khoa Công nghệ thông tin', 105),
('B21DCCN121', 'Phạm Văn Nam', 'Khoa Công nghệ thông tin', 40),
('B21DCCN122', 'Lê Thị Hà', 'Khoa Công nghệ thông tin', 85),
('B21DCCN123', 'Nguyễn Văn Nam', 'Khoa Công nghệ thông tin', 100),
('B21DCCN124', 'Trần Thị Tuyết', 'Khoa Công nghệ thông tin', 55),
('B21DCCN125', 'Phạm Văn Hào', 'Khoa Công nghệ thông tin', 120),
('B21DCCN126', 'Lê Thị Diệu Linh', 'Khoa Công nghệ thông tin', 65),
('B21DCCN127', 'Nguyễn Văn Thịnh', 'Khoa Công nghệ thông tin', 110),
('B21DCCN128', 'Trần Thị Hương', 'Khoa Công nghệ thông tin', 90),
('B21DCCN129', 'Phạm Văn Hòa', 'Khoa Công nghệ thông tin', 75),
('B21DCCN130', 'Lê Thị Lan Anh', 'Khoa Công nghệ thông tin', 105),
('B21DCCN131', 'Nguyễn Văn Quang', 'Khoa Công nghệ thông tin', 40),
('B21DCCN132', 'Trần Thị Thu Hà', 'Khoa Công nghệ thông tin', 85),
('B21DCCN133', 'Phạm Văn Khải', 'Khoa Công nghệ thông tin', 100),
('B21DCCN134', 'Lê Thị Thúy Dung', 'Khoa Công nghệ thông tin', 55),
('B21DCCN135', 'Nguyễn Văn Dũng', 'Khoa Công nghệ thông tin', 120),
('B21DCCN136', 'Trần Thị Kim Anh', 'Khoa Công nghệ thông tin', 65),
('B21DCCN137', 'Phạm Văn Hiệp', 'Khoa Công nghệ thông tin', 110),
('B21DCCN138', 'Lê Thị Mai Phương', 'Khoa Công nghệ thông tin', 90),
('B21DCCN139', 'Nguyễn Văn Đức', 'Khoa Công nghệ thông tin', 75),
('B21DCCN140', 'Trần Thị Thanh Thảo', 'Khoa Công nghệ thông tin', 105),
('B21DCCN141', 'Phạm Văn Tuấn Anh', 'Khoa Công nghệ thông tin', 40),
('B21DCCN142', 'Lê Thị Quỳnh Anh', 'Khoa Công nghệ thông tin', 85),
('B21DCCN143', 'Nguyễn Văn Minh', 'Khoa Công nghệ thông tin', 100),
('B21DCCN144', 'Trần Thị Hương Giang', 'Khoa Công nghệ thông tin', 55),
('B21DCCN145', 'Phạm Văn Hoàng', 'Khoa Công nghệ thông tin', 120),
('B21DCCN146', 'Lê Thị Thanh Hương', 'Khoa Công nghệ thông tin', 65),
('B21DCCN147', 'Nguyễn Văn Hùng', 'Khoa Công nghệ thông tin', 110),
('B21DCCN148', 'Trần Thị Thảo', 'Khoa Công nghệ thông tin', 90),
('B21DCCN149', 'Phạm Văn Tùng', 'Khoa Công nghệ thông tin', 75),
('B21DCCN150', 'Lê Thị Thúy Trang', 'Khoa Công nghệ thông tin', 105);

INSERT INTO student (ID, name, dept_name, tot_cred) VALUES
('B21DCVT001', 'Nguyễn Thị Hồng', 'Khoa Viễn thông', 90),
('B21DCVT002', 'Trần Văn Minh', 'Khoa Viễn thông', 115),
('B21DCVT003', 'Lê Thị Mai', 'Khoa Viễn thông', 70),
('B21DCVT004', 'Nguyễn Văn Đức', 'Khoa Viễn thông', 105),
('B21DCVT005', 'Trần Thị Lan', 'Khoa Viễn thông', 80),
('B21DCVT006', 'Phạm Văn An', 'Khoa Viễn thông', 100),
('B21DCVT007', 'Hoàng Thị Ngọc', 'Khoa Viễn thông', 55),
('B21DCVT008', 'Lê Văn Hải', 'Khoa Viễn thông', 120),
('B21DCVT009', 'Nguyễn Thị Thanh', 'Khoa Viễn thông', 65),
('B21DCVT010', 'Trần Văn Hùng', 'Khoa Viễn thông', 110),
('B21DCVT011', 'Lê Thị Thu', 'Khoa Viễn thông', 95),
('B21DCVT012', 'Phạm Văn Đông', 'Khoa Viễn thông', 85),
('B21DCVT013', 'Hoàng Thị Hà', 'Khoa Viễn thông', 105),
('B21DCVT014', 'Nguyễn Văn Hưng', 'Khoa Viễn thông', 75),
('B21DCVT015', 'Trần Thị Hương', 'Khoa Viễn thông', 115),
('B21DCVT016', 'Lê Văn Nam', 'Khoa Viễn thông', 90),
('B21DCVT017', 'Nguyễn Thị Hải', 'Khoa Viễn thông', 100),
('B21DCVT018', 'Trần Văn Tuấn', 'Khoa Viễn thông', 55),
('B21DCVT019', 'Lê Thị Ngọc', 'Khoa Viễn thông', 120),
('B21DCVT020', 'Phạm Văn Hào', 'Khoa Viễn thông', 65),
('B21DCVT021', 'Hoàng Thị Hương', 'Khoa Viễn thông', 110),
('B21DCVT022', 'Nguyễn Văn Thắng', 'Khoa Viễn thông', 85),
('B21DCVT023', 'Trần Thị Kim', 'Khoa Viễn thông', 105),
('B21DCVT024', 'Lê Thị Hạnh', 'Khoa Viễn thông', 75),
('B21DCVT025', 'Nguyễn Văn Hiệp', 'Khoa Viễn thông', 115),
('B21DCVT026', 'Trần Thị Hoa', 'Khoa Viễn thông', 90),
('B21DCVT027', 'Phạm Văn Hòa', 'Khoa Viễn thông', 100),
('B21DCVT028', 'Hoàng Thị Minh', 'Khoa Viễn thông', 55),
('B21DCVT029', 'Lê Văn Thắng', 'Khoa Viễn thông', 120),
('B21DCVT030', 'Nguyễn Thị Phương', 'Khoa Viễn thông', 65),
('B21DCVT031', 'Trần Văn Trung', 'Khoa Viễn thông', 110),
('B21DCVT032', 'Lê Thị Thu', 'Khoa Viễn thông', 85),
('B21DCVT033', 'Nguyễn Văn Anh', 'Khoa Viễn thông', 105),
('B21DCVT034', 'Trần Thị Hương', 'Khoa Viễn thông', 75),
('B21DCVT035', 'Phạm Văn Hùng', 'Khoa Viễn thông', 115),
('B21DCVT036', 'Hoàng Thị Hồng', 'Khoa Viễn thông', 90),
('B21DCVT037', 'Lê Văn Đông', 'Khoa Viễn thông', 100),
('B21DCVT038', 'Nguyễn Thị Lan', 'Khoa Viễn thông', 55),
('B21DCVT039', 'Trần Văn Minh', 'Khoa Viễn thông', 120),
('B21DCVT040', 'Lê Thị Hằng', 'Khoa Viễn thông', 65),
('B21DCVT041', 'Nguyễn Văn Nam', 'Khoa Viễn thông', 110),
('B21DCVT042', 'Trần Thị Thủy', 'Khoa Viễn thông', 95),
('B21DCVT043', 'Lê Văn Thành', 'Khoa Viễn thông', 85),
('B21DCVT044', 'Nguyễn Thị Hồng', 'Khoa Viễn thông', 105),
('B21DCVT045', 'Phạm Văn Đức', 'Khoa Viễn thông', 75),
('B21DCVT046', 'Hoàng Thị Lan', 'Khoa Viễn thông', 115),
('B21DCVT047', 'Lê Văn An', 'Khoa Viễn thông', 90),
('B21DCVT048', 'Trần Thị Mai', 'Khoa Viễn thông', 100),
('B21DCVT049', 'Nguyễn Văn Hải', 'Khoa Viễn thông', 55),
('B21DCVT050', 'Phạm Thị Ngọc', 'Khoa Viễn thông', 120),
('B21DCVT051', 'Lê Văn Đức', 'Khoa Viễn thông', 65),
('B21DCVT052', 'Nguyễn Thị Hà', 'Khoa Viễn thông', 110),
('B21DCVT053', 'Trần Văn Hòa', 'Khoa Viễn thông', 85),
('B21DCVT054', 'Lê Thị Trang', 'Khoa Viễn thông', 105),
('B21DCVT055', 'Nguyễn Văn Hùng', 'Khoa Viễn thông', 75),
('B21DCVT056', 'Phạm Thị Huệ', 'Khoa Viễn thông', 115),
('B21DCVT057', 'Trần Văn Nam', 'Khoa Viễn thông', 90),
('B21DCVT058', 'Nguyễn Thị Thu', 'Khoa Viễn thông', 100),
('B21DCVT059', 'Lê Văn Tuấn', 'Khoa Viễn thông', 55),
('B21DCVT060', 'Phạm Thị Thanh', 'Khoa Viễn thông', 120),
('B21DCVT061', 'Trần Văn Thắng', 'Khoa Viễn thông', 65),
('B21DCVT062', 'Nguyễn Thị Thúy', 'Khoa Viễn thông', 110),
('B21DCVT063', 'Lê Văn Thông', 'Khoa Viễn thông', 85),
('B21DCVT064', 'Phạm Thị Hương', 'Khoa Viễn thông', 105),
('B21DCVT065', 'Trần Văn Hùng', 'Khoa Viễn thông', 75),
('B21DCVT066', 'Nguyễn Thị Thuỷ', 'Khoa Viễn thông', 115),
('B21DCVT067', 'Lê Văn Tuấn', 'Khoa Viễn thông', 90),
('B21DCVT068', 'Phạm Thị Loan', 'Khoa Viễn thông', 100),
('B21DCVT069', 'Trần Văn Hải', 'Khoa Viễn thông', 55),
('B21DCVT070', 'Nguyễn Thị Kim', 'Khoa Viễn thông', 120),
('B21DCVT071', 'Lê Văn Quân', 'Khoa Viễn thông', 65),
('B21DCVT072', 'Phạm Thị Thu', 'Khoa Viễn thông', 110),
('B21DCVT073', 'Trần Văn Đạt', 'Khoa Viễn thông', 85),
('B21DCVT074', 'Nguyễn Thị Bình', 'Khoa Viễn thông', 105),
('B21DCVT075', 'Lê Văn Bảo', 'Khoa Viễn thông', 75),
('B21DCVT076', 'Phạm Thị Thảo', 'Khoa Viễn thông', 115),
('B21DCVT077', 'Trần Văn Đức', 'Khoa Viễn thông', 90),
('B21DCVT078', 'Nguyễn Thị Diệu', 'Khoa Viễn thông', 100),
('B21DCVT079', 'Lê Văn Trọng', 'Khoa Viễn thông', 55),
('B21DCVT080', 'Phạm Thị Tâm', 'Khoa Viễn thông', 120),
('B21DCVT081', 'Trần Văn Thành', 'Khoa Viễn thông', 65),
('B21DCVT082', 'Nguyễn Thị Dương', 'Khoa Viễn thông', 110),
('B21DCVT083', 'Lê Văn Phúc', 'Khoa Viễn thông', 85),
('B21DCVT084', 'Phạm Thị Lý', 'Khoa Viễn thông', 105),
('B21DCVT085', 'Trần Văn Anh', 'Khoa Viễn thông', 75),
('B21DCVT086', 'Nguyễn Thị Huệ', 'Khoa Viễn thông', 115),
('B21DCVT087', 'Lê Văn An', 'Khoa Viễn thông', 90),
('B21DCVT088', 'Phạm Thị Thủy', 'Khoa Viễn thông', 100),
('B21DCVT089', 'Trần Văn Hòa', 'Khoa Viễn thông', 55),
('B21DCVT090', 'Nguyễn Thị Hương', 'Khoa Viễn thông', 120),
('B21DCVT091', 'Lê Văn Tuấn', 'Khoa Viễn thông', 65),
('B21DCVT092', 'Phạm Thị Thu', 'Khoa Viễn thông', 110),
('B21DCVT093', 'Trần Văn Thắng', 'Khoa Viễn thông', 85),
('B21DCVT094', 'Nguyễn Thị Hạnh', 'Khoa Viễn thông', 105),
('B21DCVT095', 'Lê Văn Sơn', 'Khoa Viễn thông', 75),
('B21DCVT096', 'Phạm Thị Mai', 'Khoa Viễn thông', 115),
('B21DCVT097', 'Trần Văn Dũng', 'Khoa Viễn thông', 90),
('B21DCVT098', 'Nguyễn Thị Thuỷ', 'Khoa Viễn thông', 100),
('B21DCVT099', 'Lê Văn Đức', 'Khoa Viễn thông', 55),
('B21DCVT100', 'Phạm Thị Thảo', 'Khoa Viễn thông', 120),
('B21DCVT101', 'Trần Văn Hoàng', 'Khoa Viễn thông', 65),
('B21DCVT102', 'Nguyễn Thị Thúy', 'Khoa Viễn thông', 110);

INSERT INTO student (ID, name, dept_name, tot_cred) VALUES
('B21DCDT001', 'Nguyễn Thị Lan Anh', 'Khoa Kỹ thuật điện tử', 75),
('B21DCDT002', 'Trần Văn Đức', 'Khoa Kỹ thuật điện tử', 105),
('B21DCDT003', 'Lê Thị Phương Anh', 'Khoa Kỹ thuật điện tử', 40),
('B21DCDT004', 'Phạm Văn Tuấn', 'Khoa Kỹ thuật điện tử', 85),
('B21DCDT005', 'Nguyễn Thị Hương', 'Khoa Kỹ thuật điện tử', 100),
('B21DCDT006', 'Trần Văn Hải', 'Khoa Kỹ thuật điện tử', 55),
('B21DCDT007', 'Lê Thị Thu Hằng', 'Khoa Kỹ thuật điện tử', 120),
('B21DCDT008', 'Phạm Văn Hùng', 'Khoa Kỹ thuật điện tử', 65),
('B21DCDT009', 'Nguyễn Thị Thảo', 'Khoa Kỹ thuật điện tử', 110),
('B21DCDT010', 'Trần Văn Hưng', 'Khoa Kỹ thuật điện tử', 90),
('B21DCDT011', 'Lê Thị Kim Ngân', 'Khoa Kỹ thuật điện tử', 75),
('B21DCDT012', 'Phạm Văn Thành', 'Khoa Kỹ thuật điện tử', 105),
('B21DCDT013', 'Nguyễn Thị Mai', 'Khoa Kỹ thuật điện tử', 40),
('B21DCDT014', 'Trần Văn Tuấn Anh', 'Khoa Kỹ thuật điện tử', 85),
('B21DCDT015', 'Lê Thị Hoài', 'Khoa Kỹ thuật điện tử', 100),
('B21DCDT016', 'Phạm Văn Hải', 'Khoa Kỹ thuật điện tử', 55),
('B21DCDT017', 'Nguyễn Thị Lan Anh', 'Khoa Kỹ thuật điện tử', 120),
('B21DCDT018', 'Trần Văn Đức', 'Khoa Kỹ thuật điện tử', 65),
('B21DCDT019', 'Lê Thị Phương Anh', 'Khoa Kỹ thuật điện tử', 110),
('B21DCDT020', 'Phạm Văn Tuấn', 'Khoa Kỹ thuật điện tử', 90),
('B21DCDT021', 'Nguyễn Thị Hương', 'Khoa Kỹ thuật điện tử', 75),
('B21DCDT022', 'Trần Văn Hải', 'Khoa Kỹ thuật điện tử', 105),
('B21DCDT023', 'Lê Thị Thu Hằng', 'Khoa Kỹ thuật điện tử', 40),
('B21DCDT024', 'Phạm Văn Hùng', 'Khoa Kỹ thuật điện tử', 85),
('B21DCDT025', 'Nguyễn Thị Thảo', 'Khoa Kỹ thuật điện tử', 100),
('B21DCDT026', 'Trần Văn Hưng', 'Khoa Kỹ thuật điện tử', 55),
('B21DCDT027', 'Lê Thị Kim Ngân', 'Khoa Kỹ thuật điện tử', 120),
('B21DCDT028', 'Phạm Văn Thành', 'Khoa Kỹ thuật điện tử', 65),
('B21DCDT029', 'Nguyễn Thị Mai', 'Khoa Kỹ thuật điện tử', 110),
('B21DCDT030', 'Trần Văn Tuấn Anh', 'Khoa Kỹ thuật điện tử', 90),
('B21DCDT031', 'Lê Thị Hoài', 'Khoa Kỹ thuật điện tử', 75),
('B21DCDT032', 'Phạm Văn Hải', 'Khoa Kỹ thuật điện tử', 105),
('B21DCDT033', 'Nguyễn Thị Lan Anh', 'Khoa Kỹ thuật điện tử', 40),
('B21DCDT034', 'Trần Văn Đức', 'Khoa Kỹ thuật điện tử', 85),
('B21DCDT035', 'Lê Thị Phương Anh', 'Khoa Kỹ thuật điện tử', 100),
('B21DCDT036', 'Phạm Văn Tuấn', 'Khoa Kỹ thuật điện tử', 55),
('B21DCDT037', 'Nguyễn Thị Hương', 'Khoa Kỹ thuật điện tử', 120),
('B21DCDT038', 'Trần Văn Hải', 'Khoa Kỹ thuật điện tử', 65),
('B21DCDT039', 'Lê Thị Thu Hằng', 'Khoa Kỹ thuật điện tử', 110),
('B21DCDT040', 'Phạm Văn Hùng', 'Khoa Kỹ thuật điện tử', 90),
('B21DCDT041', 'Nguyễn Thị Thảo', 'Khoa Kỹ thuật điện tử', 75),
('B21DCDT042', 'Trần Văn Hưng', 'Khoa Kỹ thuật điện tử', 105),
('B21DCDT043', 'Lê Thị Kim Ngân', 'Khoa Kỹ thuật điện tử', 40),
('B21DCDT044', 'Phạm Văn Thành', 'Khoa Kỹ thuật điện tử', 85),
('B21DCDT045', 'Nguyễn Thị Mai', 'Khoa Kỹ thuật điện tử', 100),
('B21DCDT046', 'Trần Văn Tuấn Anh', 'Khoa Kỹ thuật điện tử', 55),
('B21DCDT047', 'Lê Thị Hoài', 'Khoa Kỹ thuật điện tử', 120),
('B21DCDT048', 'Phạm Văn Hải', 'Khoa Kỹ thuật điện tử', 65),
('B21DCDT049', 'Nguyễn Thị Lan Anh', 'Khoa Kỹ thuật điện tử', 110),
('B21DCDT050', 'Trần Văn Đức', 'Khoa Kỹ thuật điện tử', 90),
('B21DCDT051', 'Lê Thị Phương Anh', 'Khoa Kỹ thuật điện tử', 75),
('B21DCDT052', 'Phạm Văn Tuấn', 'Khoa Kỹ thuật điện tử', 105),
('B21DCDT053', 'Nguyễn Thị Hương', 'Khoa Kỹ thuật điện tử', 40),
('B21DCDT054', 'Trần Văn Hải', 'Khoa Kỹ thuật điện tử', 85),
('B21DCDT055', 'Lê Thị Thu Hằng', 'Khoa Kỹ thuật điện tử', 100),
('B21DCDT056', 'Phạm Văn Hùng', 'Khoa Kỹ thuật điện tử', 55),
('B21DCDT057', 'Nguyễn Thị Thảo', 'Khoa Kỹ thuật điện tử', 120),
('B21DCDT058', 'Trần Văn Hưng', 'Khoa Kỹ thuật điện tử', 65),
('B21DCDT059', 'Lê Thị Kim Ngân', 'Khoa Kỹ thuật điện tử', 110),
('B21DCDT060', 'Phạm Văn Thành', 'Khoa Kỹ thuật điện tử', 90),
('B21DCDT061', 'Nguyễn Thị Mai', 'Khoa Kỹ thuật điện tử', 75),
('B21DCDT062', 'Trần Văn Tuấn Anh', 'Khoa Kỹ thuật điện tử', 105),
('B21DCDT063', 'Lê Thị Hoài', 'Khoa Kỹ thuật điện tử', 40),
('B21DCDT064', 'Phạm Văn Hải', 'Khoa Kỹ thuật điện tử', 85),
('B21DCDT065', 'Nguyễn Thị Lan Anh', 'Khoa Kỹ thuật điện tử', 100),
('B21DCDT066', 'Trần Văn Đức', 'Khoa Kỹ thuật điện tử', 55),
('B21DCDT067', 'Lê Thị Phương Anh', 'Khoa Kỹ thuật điện tử', 120),
('B21DCDT068', 'Phạm Văn Tuấn', 'Khoa Kỹ thuật điện tử', 65),
('B21DCDT069', 'Nguyễn Thị Hương', 'Khoa Kỹ thuật điện tử', 110),
('B21DCDT070', 'Trần Văn Hải', 'Khoa Kỹ thuật điện tử', 90),
('B21DCDT071', 'Lê Thị Thu Hằng', 'Khoa Kỹ thuật điện tử', 75),
('B21DCDT072', 'Phạm Văn Hùng', 'Khoa Kỹ thuật điện tử', 105),
('B21DCDT073', 'Nguyễn Thị Thảo', 'Khoa Kỹ thuật điện tử', 40),
('B21DCDT074', 'Trần Văn Hưng', 'Khoa Kỹ thuật điện tử', 85),
('B21DCDT075', 'Lê Thị Kim Ngân', 'Khoa Kỹ thuật điện tử', 100),
('B21DCDT076', 'Phạm Văn Thành', 'Khoa Kỹ thuật điện tử', 55),
('B21DCDT077', 'Nguyễn Thị Mai', 'Khoa Kỹ thuật điện tử', 120),
('B21DCDT078', 'Trần Văn Tuấn Anh', 'Khoa Kỹ thuật điện tử', 65),
('B21DCDT079', 'Lê Thị Hoài', 'Khoa Kỹ thuật điện tử', 110),
('B21DCDT080', 'Phạm Văn Hải', 'Khoa Kỹ thuật điện tử', 90),
('B21DCDT081', 'Nguyễn Thị Lan Anh', 'Khoa Kỹ thuật điện tử', 75),
('B21DCDT082', 'Trần Văn Đức', 'Khoa Kỹ thuật điện tử', 105),
('B21DCDT083', 'Lê Thị Phương Anh', 'Khoa Kỹ thuật điện tử', 40),
('B21DCDT084', 'Phạm Văn Tuấn', 'Khoa Kỹ thuật điện tử', 85),
('B21DCDT085', 'Nguyễn Thị Hương', 'Khoa Kỹ thuật điện tử', 100),
('B21DCDT086', 'Trần Văn Hải', 'Khoa Kỹ thuật điện tử', 55),
('B21DCDT087', 'Lê Thị Thu Hằng', 'Khoa Kỹ thuật điện tử', 120),
('B21DCDT088', 'Phạm Văn Hùng', 'Khoa Kỹ thuật điện tử', 65),
('B21DCDT089', 'Nguyễn Thị Thảo', 'Khoa Kỹ thuật điện tử', 110),
('B21DCDT090', 'Trần Văn Hưng', 'Khoa Kỹ thuật điện tử', 90),
('B21DCDT091', 'Lê Thị Kim Ngân', 'Khoa Kỹ thuật điện tử', 75),
('B21DCDT092', 'Phạm Văn Thành', 'Khoa Kỹ thuật điện tử', 105),
('B21DCDT093', 'Nguyễn Thị Mai', 'Khoa Kỹ thuật điện tử', 40),
('B21DCDT094', 'Trần Văn Tuấn Anh', 'Khoa Kỹ thuật điện tử', 85),
('B21DCDT095', 'Lê Thị Hoài', 'Khoa Kỹ thuật điện tử', 100),
('B21DCDT096', 'Phạm Văn Hải', 'Khoa Kỹ thuật điện tử', 55),
('B21DCDT097', 'Nguyễn Thị Lan Anh', 'Khoa Kỹ thuật điện tử', 120),
('B21DCDT098', 'Trần Văn Đức', 'Khoa Kỹ thuật điện tử', 65),
('B21DCDT099', 'Lê Thị Phương Anh', 'Khoa Kỹ thuật điện tử', 110),
('B21DCDT100', 'Phạm Văn Tuấn', 'Khoa Kỹ thuật điện tử', 90),
('B21DCDT101', 'Nguyễn Thị Hương', 'Khoa Kỹ thuật điện tử', 75),
('B21DCDT102', 'Trần Văn Hải', 'Khoa Kỹ thuật điện tử', 105),
('B21DCDT103', 'Lê Thị Thu Hằng', 'Khoa Kỹ thuật điện tử', 40),
('B21DCDT104', 'Phạm Văn Hùng', 'Khoa Kỹ thuật điện tử', 85),
('B21DCDT105', 'Nguyễn Thị Thảo', 'Khoa Kỹ thuật điện tử', 100),
('B21DCDT106', 'Trần Văn Hưng', 'Khoa Kỹ thuật điện tử', 55),
('B21DCDT107', 'Lê Thị Kim Ngân', 'Khoa Kỹ thuật điện tử', 120),
('B21DCDT108', 'Phạm Văn Thành', 'Khoa Kỹ thuật điện tử', 65),
('B21DCDT109', 'Nguyễn Thị Mai', 'Khoa Kỹ thuật điện tử', 110),
('B21DCDT110', 'Trần Văn Tuấn Anh', 'Khoa Kỹ thuật điện tử', 90);

INSERT INTO student (ID, name, dept_name, tot_cred) VALUES
('B21DCPT001', 'Nguyễn Thị Lan Anh', 'Khoa Đa phương tiện', 85),
('B21DCPT002', 'Trần Văn Hải', 'Khoa Đa phương tiện', 110),
('B21DCPT003', 'Phạm Thị Hồng', 'Khoa Đa phương tiện', 90),
('B21DCPT004', 'Lê Văn Tùng', 'Khoa Đa phương tiện', 75),
('B21DCPT005', 'Nguyễn Thị Thu Hương', 'Khoa Đa phương tiện', 105),
('B21DCPT006', 'Trần Văn Đức', 'Khoa Đa phương tiện', 40),
('B21DCPT007', 'Phạm Thị Mai', 'Khoa Đa phương tiện', 85),
('B21DCPT008', 'Lê Văn Anh', 'Khoa Đa phương tiện', 100),
('B21DCPT009', 'Nguyễn Thị Lan Anh', 'Khoa Đa phương tiện', 55),
('B21DCPT010', 'Trần Văn Hải', 'Khoa Đa phương tiện', 120),
('B21DCPT011', 'Phạm Thị Hồng', 'Khoa Đa phương tiện', 65),
('B21DCPT012', 'Lê Văn Tùng', 'Khoa Đa phương tiện', 110),
('B21DCPT013', 'Nguyễn Thị Thu Hương', 'Khoa Đa phương tiện', 90),
('B21DCPT014', 'Trần Văn Đức', 'Khoa Đa phương tiện', 75),
('B21DCPT015', 'Phạm Thị Mai', 'Khoa Đa phương tiện', 105),
('B21DCPT016', 'Lê Văn Anh', 'Khoa Đa phương tiện', 40),
('B21DCPT017', 'Nguyễn Thị Lan Anh', 'Khoa Đa phương tiện', 85),
('B21DCPT018', 'Trần Văn Hải', 'Khoa Đa phương tiện', 100),
('B21DCPT019', 'Phạm Thị Hồng', 'Khoa Đa phương tiện', 55),
('B21DCPT020', 'Lê Văn Tùng', 'Khoa Đa phương tiện', 120),
('B21DCPT021', 'Nguyễn Thị Thu Hương', 'Khoa Đa phương tiện', 65),
('B21DCPT022', 'Trần Văn Đức', 'Khoa Đa phương tiện', 110),
('B21DCPT023', 'Phạm Thị Mai', 'Khoa Đa phương tiện', 90),
('B21DCPT024', 'Lê Văn Anh', 'Khoa Đa phương tiện', 75),
('B21DCPT025', 'Nguyễn Thị Lan Anh', 'Khoa Đa phương tiện', 105),
('B21DCPT026', 'Trần Văn Hải', 'Khoa Đa phương tiện', 40),
('B21DCPT027', 'Phạm Thị Hồng', 'Khoa Đa phương tiện', 85),
('B21DCPT028', 'Lê Văn Tùng', 'Khoa Đa phương tiện', 100),
('B21DCPT029', 'Nguyễn Thị Thu Hương', 'Khoa Đa phương tiện', 55),
('B21DCPT030', 'Trần Văn Đức', 'Khoa Đa phương tiện', 120),
('B21DCPT031', 'Phạm Thị Mai', 'Khoa Đa phương tiện', 65),
('B21DCPT032', 'Lê Văn Anh', 'Khoa Đa phương tiện', 110),
('B21DCPT033', 'Nguyễn Thị Lan Anh', 'Khoa Đa phương tiện', 90),
('B21DCPT034', 'Trần Văn Hải', 'Khoa Đa phương tiện', 75),
('B21DCPT035', 'Phạm Thị Hồng', 'Khoa Đa phương tiện', 105),
('B21DCPT036', 'Lê Văn Tùng', 'Khoa Đa phương tiện', 40),
('B21DCPT037', 'Trịnh Kiều Trang', 'Khoa Đa phương tiện', 120),
('B21DCPT038', 'Trần Văn Đức', 'Khoa Đa phương tiện', 100),
('B21DCPT039', 'Phạm Thị Mai', 'Khoa Đa phương tiện', 55),
('B21DCPT040', 'Lê Văn Anh', 'Khoa Đa phương tiện', 120),
('B21DCPT041', 'Nguyễn Thị Lan Anh', 'Khoa Đa phương tiện', 65),
('B21DCPT042', 'Trần Văn Hải', 'Khoa Đa phương tiện', 110),
('B21DCPT043', 'Phạm Thị Hồng', 'Khoa Đa phương tiện', 90),
('B21DCPT044', 'Lê Văn Tùng', 'Khoa Đa phương tiện', 75),
('B21DCPT045', 'Nguyễn Thị Thu Hương', 'Khoa Đa phương tiện', 105),
('B21DCPT046', 'Trần Văn Đức', 'Khoa Đa phương tiện', 40),
('B21DCPT047', 'Phạm Thị Mai', 'Khoa Đa phương tiện', 85),
('B21DCPT048', 'Lê Văn Anh', 'Khoa Đa phương tiện', 100),
('B21DCPT049', 'Nguyễn Thị Lan Anh', 'Khoa Đa phương tiện', 55),
('B21DCPT050', 'Trần Văn Hải', 'Khoa Đa phương tiện', 120),
('B21DCPT051', 'Phạm Thị Hồng', 'Khoa Đa phương tiện', 65),
('B21DCPT052', 'Lê Văn Tùng', 'Khoa Đa phương tiện', 110),
('B21DCPT053', 'Nguyễn Thị Thu Hương', 'Khoa Đa phương tiện', 90),
('B21DCPT054', 'Trần Văn Đức', 'Khoa Đa phương tiện', 75),
('B21DCPT055', 'Phạm Thị Mai', 'Khoa Đa phương tiện', 105),
('B21DCPT056', 'Lê Văn Anh', 'Khoa Đa phương tiện', 40),
('B21DCPT057', 'Nguyễn Thị Lan Anh', 'Khoa Đa phương tiện', 85),
('B21DCPT058', 'Trần Văn Hải', 'Khoa Đa phương tiện', 100),
('B21DCPT059', 'Phạm Thị Hồng', 'Khoa Đa phương tiện', 55),
('B21DCPT060', 'Lê Văn Tùng', 'Khoa Đa phương tiện', 120),
('B21DCPT061', 'Nguyễn Thị Thu Hương', 'Khoa Đa phương tiện', 65),
('B21DCPT062', 'Trần Văn Đức', 'Khoa Đa phương tiện', 110),
('B21DCPT063', 'Phạm Thị Mai', 'Khoa Đa phương tiện', 90),
('B21DCPT064', 'Lê Văn Anh', 'Khoa Đa phương tiện', 75),
('B21DCPT065', 'Nguyễn Thị Lan Anh', 'Khoa Đa phương tiện', 105),
('B21DCPT066', 'Trần Văn Hải', 'Khoa Đa phương tiện', 40),
('B21DCPT067', 'Phạm Thị Hồng', 'Khoa Đa phương tiện', 85),
('B21DCPT068', 'Lê Văn Tùng', 'Khoa Đa phương tiện', 100),
('B21DCPT069', 'Nguyễn Thị Thu Hương', 'Khoa Đa phương tiện', 55),
('B21DCPT070', 'Trần Văn Đức', 'Khoa Đa phương tiện', 120),
('B21DCPT071', 'Phạm Thị Mai', 'Khoa Đa phương tiện', 65),
('B21DCPT072', 'Lê Văn Anh', 'Khoa Đa phương tiện', 110),
('B21DCPT073', 'Nguyễn Thị Lan Anh', 'Khoa Đa phương tiện', 90),
('B21DCPT074', 'Trần Văn Hải', 'Khoa Đa phương tiện', 75),
('B21DCPT075', 'Phạm Thị Hồng', 'Khoa Đa phương tiện', 105),
('B21DCPT076', 'Lê Văn Tùng', 'Khoa Đa phương tiện', 40),
('B21DCPT077', 'Nguyễn Thị Thu Hương', 'Khoa Đa phương tiện', 85),
('B21DCPT078', 'Trần Văn Đức', 'Khoa Đa phương tiện', 100),
('B21DCPT079', 'Phạm Thị Mai', 'Khoa Đa phương tiện', 55),
('B21DCPT080', 'Lê Văn Anh', 'Khoa Đa phương tiện', 120),
('B21DCPT081', 'Nguyễn Thị Lan Anh', 'Khoa Đa phương tiện', 65),
('B21DCPT082', 'Trần Văn Hải', 'Khoa Đa phương tiện', 110),
('B21DCPT083', 'Phạm Thị Hồng', 'Khoa Đa phương tiện', 90),
('B21DCPT084', 'Lê Văn Tùng', 'Khoa Đa phương tiện', 75),
('B21DCPT085', 'Nguyễn Thị Thu Hương', 'Khoa Đa phương tiện', 105),
('B21DCPT086', 'Trần Văn Đức', 'Khoa Đa phương tiện', 40),
('B21DCPT087', 'Phạm Thị Mai', 'Khoa Đa phương tiện', 85),
('B21DCPT088', 'Lê Văn Anh', 'Khoa Đa phương tiện', 100),
('B21DCPT089', 'Nguyễn Thị Lan Anh', 'Khoa Đa phương tiện', 55),
('B21DCPT090', 'Trần Văn Hải','Khoa Đa phương tiện', 55),
('B21DCPT091', 'Phạm Thị Hồng', 'Khoa Đa phương tiện', 65),
('B21DCPT092', 'Lê Văn Tùng', 'Khoa Đa phương tiện', 110),
('B21DCPT093', 'Nguyễn Thị Thu Hương', 'Khoa Đa phương tiện', 90),
('B21DCPT094', 'Trần Văn Đức', 'Khoa Đa phương tiện', 75),
('B21DCPT095', 'Phạm Thị Mai', 'Khoa Đa phương tiện', 105),
('B21DCPT096', 'Lê Văn Anh', 'Khoa Đa phương tiện', 40),
('B21DCPT097', 'Nguyễn Thị Lan Anh', 'Khoa Đa phương tiện', 85),
('B21DCPT098', 'Trần Văn Hải', 'Khoa Đa phương tiện', 100),
('B21DCPT099', 'Phạm Thị Hồng', 'Khoa Đa phương tiện', 55),
('B21DCPT100', 'Lê Văn Tùng', 'Khoa Đa phương tiện', 120),
('B21DCPT101', 'Nguyễn Thị Thu Hương', 'Khoa Đa phương tiện', 65),
('B21DCPT102', 'Trần Văn Đức', 'Khoa Đa phương tiện', 110),
('B21DCPT103', 'Phạm Thị Mai', 'Khoa Đa phương tiện', 90),
('B21DCPT104', 'Lê Văn Anh', 'Khoa Đa phương tiện', 75),
('B21DCPT105', 'Nguyễn Thị Lan Anh', 'Khoa Đa phương tiện', 105),
('B21DCPT106', 'Trần Văn Hải', 'Khoa Đa phương tiện', 40),
('B21DCPT107', 'Phạm Thị Hồng', 'Khoa Đa phương tiện', 85),
('B21DCPT108', 'Lê Văn Tùng', 'Khoa Đa phương tiện', 100),
('B21DCPT109', 'Nguyễn Thị Thu Hương', 'Khoa Đa phương tiện', 55);
INSERT INTO student (ID, name, dept_name, tot_cred) VALUES
('B21DCQT001', 'Nguyễn Thị Hương', 'Khoa Quản trị kinh doanh', 95),
('B21DCQT002', 'Trần Văn Đức', 'Khoa Quản trị kinh doanh', 65),
('B21DCQT003', 'Lê Thị Hà', 'Khoa Quản trị kinh doanh', 110),
('B21DCQT004', 'Nguyễn Văn Tuấn', 'Khoa Quản trị kinh doanh', 40),
('B21DCQT005', 'Phạm Thị Mai', 'Khoa Quản trị kinh doanh', 75),
('B21DCQT006', 'Hoàng Văn Long', 'Khoa Quản trị kinh doanh', 85),
('B21DCQT007', 'Trần Thị Hương', 'Khoa Quản trị kinh doanh', 120),
('B21DCQT008', 'Nguyễn Văn Anh', 'Khoa Quản trị kinh doanh', 55),
('B21DCQT009', 'Đặng Thị Hoa', 'Khoa Quản trị kinh doanh', 95),
('B21DCQT010', 'Lê Văn Đức', 'Khoa Quản trị kinh doanh', 70),
('B21DCQT011', 'Phạm Thị Lan', 'Khoa Quản trị kinh doanh', 115),
('B21DCQT012', 'Trần Văn Hùng', 'Khoa Quản trị kinh doanh', 45),
('B21DCQT013', 'Nguyễn Thị Hải', 'Khoa Quản trị kinh doanh', 80),
('B21DCQT014', 'Hoàng Văn Hải', 'Khoa Quản trị kinh doanh', 100),
('B21DCQT015', 'Lê Thị Lan', 'Khoa Quản trị kinh doanh', 125),
('B21DCQT016', 'Nguyễn Thị Hồng', 'Khoa Quản trị kinh doanh', 60),
('B21DCQT017', 'Phạm Văn Hải', 'Khoa Quản trị kinh doanh', 90),
('B21DCQT018', 'Đặng Thị Thảo', 'Khoa Quản trị kinh doanh', 105),
('B21DCQT019', 'Lê Văn Nam', 'Khoa Quản trị kinh doanh', 35),
('B21DCQT020', 'Nguyễn Thị Hà', 'Khoa Quản trị kinh doanh', 70),
('B21DCQT021', 'Trần Văn Đạt', 'Khoa Quản trị kinh doanh', 95),
('B21DCQT022', 'Lê Thị Ngọc', 'Khoa Quản trị kinh doanh', 80),
('B21DCQT023', 'Nguyễn Văn Hào', 'Khoa Quản trị kinh doanh', 115),
('B21DCQT024', 'Phạm Thị Thu', 'Khoa Quản trị kinh doanh', 50),
('B21DCQT025', 'Đặng Văn Nam', 'Khoa Quản trị kinh doanh', 85),
('B21DCQT026', 'Trần Thị Hà', 'Khoa Quản trị kinh doanh', 105),
('B21DCQT027', 'Lê Văn Hoàng', 'Khoa Quản trị kinh doanh', 75),
('B21DCQT028', 'Nguyễn Thị Hồng', 'Khoa Quản trị kinh doanh', 95),
('B21DCQT029', 'Hoàng Văn Nam', 'Khoa Quản trị kinh doanh', 65),
('B21DCQT030', 'Phạm Thị Hằng', 'Khoa Quản trị kinh doanh', 110),
('B21DCQT031', 'Trần Văn Hà', 'Khoa Quản trị kinh doanh', 40),
('B21DCQT032', 'Lê Thị Thu', 'Khoa Quản trị kinh doanh', 85),
('B21DCQT033', 'Nguyễn Văn Đạt', 'Khoa Quản trị kinh doanh', 105),
('B21DCQT034', 'Phạm Thị Lan', 'Khoa Quản trị kinh doanh', 55),
('B21DCQT035', 'Đặng Văn Hải', 'Khoa Quản trị kinh doanh', 95),
('B21DCQT036', 'Trần Thị Thùy', 'Khoa Quản trị kinh doanh', 75),
('B21DCQT037', 'Lê Văn Minh', 'Khoa Quản trị kinh doanh', 115),
('B21DCQT038', 'Phạm Thị Mai', 'Khoa Quản trị kinh doanh', 75),
('B21DCQT039', 'Hoàng Văn Huy', 'Khoa Quản trị kinh doanh', 65),
('B21DCQT040', 'Trần Thị Ngọc', 'Khoa Quản trị kinh doanh', 95),
('B21DCQT041', 'Lê Văn Hòa', 'Khoa Quản trị kinh doanh', 85),
('B21DCQT042', 'Nguyễn Thị Hồng', 'Khoa Quản trị kinh doanh', 110),
('B21DCQT043', 'Phạm Văn Minh', 'Khoa Quản trị kinh doanh', 45),
('B21DCQT044', 'Đặng Thị Mai', 'Khoa Quản trị kinh doanh', 100),
('B21DCQT045', 'Lê Văn Hải', 'Khoa Quản trị kinh doanh', 55),
('B21DCQT046', 'Trần Thị Thu', 'Khoa Quản trị kinh doanh', 90),
('B21DCQT047', 'Nguyễn Văn Hùng', 'Khoa Quản trị kinh doanh', 75),
('B21DCQT048', 'Hoàng Thị Lan', 'Khoa Quản trị kinh doanh', 105),
('B21DCQT049', 'Lê Văn Đức', 'Khoa Quản trị kinh doanh', 40),
('B21DCQT050', 'Nguyễn Thị Kim', 'Khoa Quản trị kinh doanh', 85),
('B21DCQT051', 'Phạm Văn Hùng', 'Khoa Quản trị kinh doanh', 120),
('B21DCQT052', 'Trần Thị Hạnh', 'Khoa Quản trị kinh doanh', 60),
('B21DCQT053', 'Lê Văn Dũng', 'Khoa Quản trị kinh doanh', 95),
('B21DCQT054', 'Nguyễn Thị Huệ', 'Khoa Quản trị kinh doanh', 80),
('B21DCQT055', 'Hoàng Văn Hòa', 'Khoa Quản trị kinh doanh', 115),
('B21DCQT056', 'Lê Thị Nhung', 'Khoa Quản trị kinh doanh', 50),
('B21DCQT057', 'Trần Văn Điệp', 'Khoa Quản trị kinh doanh', 85),
('B21DCQT058', 'Nguyễn Thị Hạnh', 'Khoa Quản trị kinh doanh', 110),
('B21DCQT059', 'Phạm Văn Tùng', 'Khoa Quản trị kinh doanh', 70),
('B21DCQT060', 'Đặng Thị Ngọc', 'Khoa Quản trị kinh doanh', 105),
('B21DCQT061', 'Lê Văn Hùng', 'Khoa Quản trị kinh doanh', 45),
('B21DCQT062', 'Nguyễn Thị Huyền', 'Khoa Quản trị kinh doanh', 90),
('B21DCQT063', 'Hoàng Văn Tuấn', 'Khoa Quản trị kinh doanh', 115),
('B21DCQT064', 'Trần Thị Thúy', 'Khoa Quản trị kinh doanh', 55),
('B21DCQT065', 'Nguyễn Văn Hà', 'Khoa Quản trị kinh doanh', 95),
('B21DCQT066', 'Phạm Thị Hoa', 'Khoa Quản trị kinh doanh', 80),
('B21DCQT067', 'Lê Văn Thanh', 'Khoa Quản trị kinh doanh', 110),
('B21DCQT068', 'Nguyễn Thị Lan', 'Khoa Quản trị kinh doanh', 70),
('B21DCQT069', 'Trần Văn Hòa', 'Khoa Quản trị kinh doanh', 105),
('B21DCQT070', 'Phạm Văn Sơn', 'Khoa Quản trị kinh doanh', 50),
('B21DCQT071', 'Lê Thị Hằng', 'Khoa Quản trị kinh doanh', 90),
('B21DCQT072', 'Nguyễn Văn Hòa', 'Khoa Quản trị kinh doanh', 115),
('B21DCQT073', 'Trần Thị Hương', 'Khoa Quản trị kinh doanh', 60),
('B21DCQT074', 'Lê Văn Hưng', 'Khoa Quản trị kinh doanh', 95),
('B21DCQT075', 'Nguyễn Thị Huệ', 'Khoa Quản trị kinh doanh', 85),
('B21DCQT076', 'Hoàng Văn Hùng', 'Khoa Quản trị kinh doanh', 110),
('B21DCQT077', 'Lê Thị Lan', 'Khoa Quản trị kinh doanh', 55),
('B21DCQT078', 'Nguyễn Văn Đạt', 'Khoa Quản trị kinh doanh', 100),
('B21DCQT079', 'Trần Thị Thủy', 'Khoa Quản trị kinh doanh', 70),
('B21DCQT080', 'Lê Văn Nam', 'Khoa Quản trị kinh doanh', 105),
('B21DCQT081', 'Nguyễn Thị Hà', 'Khoa Quản trị kinh doanh', 45),
('B21DCQT082', 'Phạm Văn Thanh', 'Khoa Quản trị kinh doanh', 95),
('B21DCQT083', 'Trần Thị Lan', 'Khoa Quản trị kinh doanh', 80),
('B21DCQT084', 'Lê Văn Đức', 'Khoa Quản trị kinh doanh', 110),
('B21DCQT085', 'Nguyễn Thị Kim', 'Khoa Quản trị kinh doanh', 110),
('B21DCQT086', 'Phạm Văn Hưng', 'Khoa Quản trị kinh doanh', 125),
('B21DCQT087', 'Trần Thị Hạnh', 'Khoa Quản trị kinh doanh', 60),
('B21DCQT088', 'Lê Văn Dũng', 'Khoa Quản trị kinh doanh', 95),
('B21DCQT089', 'Nguyễn Thị Huệ', 'Khoa Quản trị kinh doanh', 80),
('B21DCQT090', 'Hoàng Văn Hòa', 'Khoa Quản trị kinh doanh', 115),
('B21DCQT091', 'Lê Thị Nhung', 'Khoa Quản trị kinh doanh', 50),
('B21DCQT092', 'Trần Văn Điệp', 'Khoa Quản trị kinh doanh', 85),
('B21DCQT093', 'Nguyễn Thị Hạnh', 'Khoa Quản trị kinh doanh', 110),
('B21DCQT094', 'Phạm Văn Tùng', 'Khoa Quản trị kinh doanh', 70),
('B21DCQT095', 'Đặng Thị Ngọc', 'Khoa Quản trị kinh doanh', 105),
('B21DCQT096', 'Lê Văn Hùng', 'Khoa Quản trị kinh doanh', 45),
('B21DCQT097', 'Nguyễn Thị Huyền', 'Khoa Quản trị kinh doanh', 90),
('B21DCQT098', 'Hoàng Văn Tuấn', 'Khoa Quản trị kinh doanh', 115),
('B21DCQT099', 'Trần Thị Thúy', 'Khoa Quản trị kinh doanh', 55),
('B21DCQT100', 'Nguyễn Văn Hà', 'Khoa Quản trị kinh doanh', 95),
('B21DCQT101', 'Phạm Thị Hoa', 'Khoa Quản trị kinh doanh', 80),
('B21DCQT102', 'Lê Văn Thanh', 'Khoa Quản trị kinh doanh', 110),
('B21DCQT103', 'Nguyễn Thị Lan', 'Khoa Quản trị kinh doanh', 70),
('B21DCQT104', 'Trần Văn Hòa', 'Khoa Quản trị kinh doanh', 105),
('B21DCQT105', 'Phạm Văn Sơn', 'Khoa Quản trị kinh doanh', 50),
('B21DCQT106', 'Lê Thị Hằng', 'Khoa Quản trị kinh doanh', 90),
('B21DCQT107', 'Nguyễn Văn Hòa', 'Khoa Quản trị kinh doanh', 115),
('B21DCQT108', 'Trần Thị Hương', 'Khoa Quản trị kinh doanh', 60);

INSERT INTO student (ID, name, dept_name, tot_cred) VALUES
('B21DCAT001', 'Nguyễn Thị Ánh', 'Khoa An toàn thông tin', 85),
('B21DCAT002', 'Trần Văn Bình', 'Khoa An toàn thông tin', 110),
('B21DCAT003', 'Phạm Thị Cẩm Tiên', 'Khoa An toàn thông tin', 90),
('B21DCAT004', 'Lê Văn Đạt', 'Khoa An toàn thông tin', 75),
('B21DCAT005', 'Nguyễn Thị Dung', 'Khoa An toàn thông tin', 105),
('B21DCAT006', 'Trần Văn An', 'Khoa An toàn thông tin', 40),
('B21DCAT007', 'Phạm Thị Hà', 'Khoa An toàn thông tin', 85),
('B21DCAT008', 'Lê Văn Hoàng', 'Khoa An toàn thông tin', 100),
('B21DCAT009', 'Nguyễn Thị Ngọc Lan', 'Khoa An toàn thông tin', 55),
('B21DCAT010', 'Trần Văn Long', 'Khoa An toàn thông tin', 120),
('B21DCAT011', 'Phạm Thị Mai', 'Khoa An toàn thông tin', 65),
('B21DCAT012', 'Lê Văn Nam', 'Khoa An toàn thông tin', 110),
('B21DCAT013', 'Nguyễn Thị Phương', 'Khoa An toàn thông tin', 90),
('B21DCAT014', 'Trần Văn Quân', 'Khoa An toàn thông tin', 75),
('B21DCAT015', 'Phạm Thị Lan', 'Khoa An toàn thông tin', 105),
('B21DCAT016', 'Lê Văn Sơn', 'Khoa An toàn thông tin', 40),
('B21DCAT017', 'Nguyễn Thị Thanh', 'Khoa An toàn thông tin', 85),
('B21DCAT018', 'Trần Văn Tâm', 'Khoa An toàn thông tin', 100),
('B21DCAT019', 'Phạm Thị Thu', 'Khoa An toàn thông tin', 55),
('B21DCAT020', 'Lê Văn Tú', 'Khoa An toàn thông tin', 120),
('B21DCAT021', 'Nguyễn Thị Hằng', 'Khoa An toàn thông tin', 65),
('B21DCAT022', 'Trần Văn Hải', 'Khoa An toàn thông tin', 110),
('B21DCAT023', 'Phạm Thị Dung', 'Khoa An toàn thông tin', 90),
('B21DCAT024', 'Lê Văn Đức', 'Khoa An toàn thông tin', 75),
('B21DCAT025', 'Nguyễn Thị Bích', 'Khoa An toàn thông tin', 105),
('B21DCAT026', 'Trần Văn Huy', 'Khoa An toàn thông tin', 40),
('B21DCAT027', 'Phạm Thị Chinh', 'Khoa An toàn thông tin', 85),
('B21DCAT028', 'Lê Văn Trung', 'Khoa An toàn thông tin', 100),
('B21DCAT029', 'Nguyễn Thị Kim', 'Khoa An toàn thông tin', 55),
('B21DCAT030', 'Trần Văn Quyết', 'Khoa An toàn thông tin', 120),
('B21DCAT031', 'Phạm Thị Lan', 'Khoa An toàn thông tin', 65),
('B21DCAT032', 'Lê Văn Công', 'Khoa An toàn thông tin', 110),
('B21DCAT033', 'Nguyễn Thị Hồng', 'Khoa An toàn thông tin', 90),
('B21DCAT034', 'Trần Văn Tân', 'Khoa An toàn thông tin', 75),
('B21DCAT035', 'Phạm Thị Nguyệt', 'Khoa An toàn thông tin', 105),
('B21DCAT036', 'Lê Văn Anh', 'Khoa An toàn thông tin', 40),
('B21DCAT037', 'Nguyễn Thị Thu', 'Khoa An toàn thông tin', 85),
('B21DCAT038', 'Trần Văn Thành', 'Khoa An toàn thông tin', 100),
('B21DCAT039', 'Phạm Thị Ngọc', 'Khoa An toàn thông tin', 55),
('B21DCAT040', 'Lê Văn Tú', 'Khoa An toàn thông tin', 120),
('B21DCAT041', 'Nguyễn Thị Thảo', 'Khoa An toàn thông tin', 65),
('B21DCAT042', 'Trần Văn Hòa', 'Khoa An toàn thông tin', 110),
('B21DCAT043', 'Phạm Thị Thúy', 'Khoa An toàn thông tin', 90),
('B21DCAT044', 'Lê Văn Huân', 'Khoa An toàn thông tin', 75),
('B21DCAT045', 'Nguyễn Thị Thu', 'Khoa An toàn thông tin', 85),
('B21DCAT046', 'Nguyễn Thị Hà Trang', 'Khoa An toàn thông tin', 105),
('B21DCAT047', 'Trần Văn Đức Anh', 'Khoa An toàn thông tin', 40),
('B21DCAT048', 'Phạm Thị Ngọc Ánh', 'Khoa An toàn thông tin', 85),
('B21DCAT049', 'Lê Văn Quốc Bảo', 'Khoa An toàn thông tin', 100),
('B21DCAT050', 'Nguyễn Thị Thanh Bình', 'Khoa An toàn thông tin', 55),
('B21DCAT051', 'Trần Văn Minh Châu', 'Khoa An toàn thông tin', 120),
('B21DCAT052', 'Phạm Thị Hoài Dương', 'Khoa An toàn thông tin', 65),
('B21DCAT053', 'Lê Văn Tuấn Đạt', 'Khoa An toàn thông tin', 110),
('B21DCAT054', 'Nguyễn Thị Hồng Điệp', 'Khoa An toàn thông tin', 90),
('B21DCAT055', 'Trần Văn Phúc Đạt', 'Khoa An toàn thông tin', 75),
('B21DCAT056', 'Phạm Thị Thảo Hân', 'Khoa An toàn thông tin', 105),
('B21DCAT057', 'Lê Văn Phước Hòa', 'Khoa An toàn thông tin', 40),
('B21DCAT058', 'Nguyễn Thị Thúy Hằng', 'Khoa An toàn thông tin', 85),
('B21DCAT059', 'Trần Văn Đức Hậu', 'Khoa An toàn thông tin', 100),
('B21DCAT060', 'Phạm Thị Thanh Hằng', 'Khoa An toàn thông tin', 55),
('B21DCAT061', 'Lê Văn Bảo Hiếu', 'Khoa An toàn thông tin', 120),
('B21DCAT062', 'Nguyễn Thị Thúy Hòa', 'Khoa An toàn thông tin', 65),
('B21DCAT063', 'Trần Văn Minh Hoàng', 'Khoa An toàn thông tin', 110),
('B21DCAT064', 'Phạm Thị Diệu Hồng', 'Khoa An toàn thông tin', 90),
('B21DCAT065', 'Lê Văn Hùng', 'Khoa An toàn thông tin', 75),
('B21DCAT066', 'Nguyễn Thị Kim Huyền', 'Khoa An toàn thông tin', 105),
('B21DCAT067', 'Trần Văn Duy Khánh', 'Khoa An toàn thông tin', 40),
('B21DCAT068', 'Phạm Thị Thuỳ Linh', 'Khoa An toàn thông tin', 85),
('B21DCAT069', 'Lê Văn Đức Long', 'Khoa An toàn thông tin', 100),
('B21DCAT070', 'Nguyễn Thị Phương Loan', 'Khoa An toàn thông tin', 55),
('B21DCAT071', 'Trần Văn Minh', 'Khoa An toàn thông tin', 120),
('B21DCAT072', 'Phạm Thị Tâm Minh', 'Khoa An toàn thông tin', 65),
('B21DCAT073', 'Lê Văn Minh', 'Khoa An toàn thông tin', 110),
('B21DCAT074', 'Nguyễn Thị Thảo Nguyên', 'Khoa An toàn thông tin', 90),
('B21DCAT075', 'Trần Văn Hữu Nghị', 'Khoa An toàn thông tin', 75),
('B21DCAT076', 'Phạm Thị Ngọc Nhi', 'Khoa An toàn thông tin', 105),
('B21DCAT077', 'Lê Văn Phong', 'Khoa An toàn thông tin', 40),
('B21DCAT078', 'Nguyễn Thị Thúy Nga', 'Khoa An toàn thông tin', 85),
('B21DCAT079', 'Trần Văn Quốc Nhật', 'Khoa An toàn thông tin', 100),
('B21DCAT080', 'Phạm Thị Thuỳ', 'Khoa An toàn thông tin', 55),
('B21DCAT081', 'Lê Văn Đức Phát', 'Khoa An toàn thông tin', 120),
('B21DCAT082', 'Nguyễn Thị Phương Thảo', 'Khoa An toàn thông tin', 65),
('B21DCAT083', 'Trần Văn Thế Phương', 'Khoa An toàn thông tin', 110),
('B21DCAT084', 'Phạm Thị Thu Phương', 'Khoa An toàn thông tin', 90),
('B21DCAT085', 'Lê Văn Trường', 'Khoa An toàn thông tin', 75),
('B21DCAT086', 'Nguyễn Thị Mai Trâm', 'Khoa An toàn thông tin', 105),
('B21DCAT087', 'Trần Văn Đức Trung', 'Khoa An toàn thông tin', 40),
('B21DCAT088', 'Phạm Thị Kim Tuyền', 'Khoa An toàn thông tin', 85),
('B21DCAT089', 'Lê Văn Tài', 'Khoa An toàn thông tin', 100),
('B21DCAT090', 'Nguyễn Thị Thuỳ', 'Khoa An toàn thông tin', 55),
('B21DCAT091', 'Trần Văn Sơn', 'Khoa An toàn thông tin', 120),
('B21DCAT092', 'Phạm Thị Thanh', 'Khoa An toàn thông tin', 65),
('B21DCAT093', 'Lê Văn Thanh', 'Khoa An toàn thông tin', 110),
('B21DCAT094', 'Nguyễn Thị Hiền', 'Khoa An toàn thông tin', 90),
('B21DCAT095', 'Trần Văn Đức Thịnh', 'Khoa An toàn thông tin', 75),
('B21DCAT096', 'Phạm Thị Thuỳ Trang', 'Khoa An toàn thông tin', 105),
('B21DCAT097', 'Lê Văn Khánh', 'Khoa An toàn thông tin', 40),
('B21DCAT098', 'Nguyễn Thị Phương Trinh', 'Khoa An toàn thông tin', 85),
('B21DCAT099', 'Trần Văn Tuấn', 'Khoa An toàn thông tin', 100),
('B21DCAT100', 'Phạm Thị Thuỳ', 'Khoa An toàn thông tin', 55),
('B21DCAT101', 'Lê Văn Nam', 'Khoa An toàn thông tin', 120),
('B21DCAT102', 'Nguyễn Thị Hương Giang', 'Khoa An toàn thông tin', 65),
('B21DCAT103', 'Trần Văn Phúc', 'Khoa An toàn thông tin', 110),
('B21DCAT104', 'Phạm Thị Thúy Ngân', 'Khoa An toàn thông tin', 90),
('B21DCAT105', 'Lê Văn Hải', 'Khoa An toàn thông tin', 75);
INSERT INTO student (ID, name, dept_name, tot_cred) VALUES
('B21DCKT001', 'Nguyễn Thị Hương', 'Khoa Tài chính kế toán', 95),
('B21DCKT002', 'Trần Văn Đức', 'Khoa Tài chính kế toán', 75),
('B21DCKT003', 'Phạm Thị Thu', 'Khoa Tài chính kế toán', 110),
('B21DCKT004', 'Lê Văn Hải', 'Khoa Tài chính kế toán', 85),
('B21DCKT005', 'Nguyễn Thị Hạnh', 'Khoa Tài chính kế toán', 100),
('B21DCKT006', 'Trần Văn Dũng', 'Khoa Tài chính kế toán', 40),
('B21DCKT007', 'Phạm Thị Hồng', 'Khoa Tài chính kế toán', 65),
('B21DCKT008', 'Lê Văn Thắng', 'Khoa Tài chính kế toán', 120),
('B21DCKT009', 'Nguyễn Thị Lan', 'Khoa Tài chính kế toán', 90),
('B21DCKT010', 'Trần Văn Tùng', 'Khoa Tài chính kế toán', 55),
('B21DCKT011', 'Phạm Thị Thu', 'Khoa Tài chính kế toán', 105),
('B21DCKT012', 'Lê Văn Sơn', 'Khoa Tài chính kế toán', 70),
('B21DCKT013', 'Nguyễn Thị Thảo', 'Khoa Tài chính kế toán', 115),
('B21DCKT014', 'Trần Văn Hùng', 'Khoa Tài chính kế toán', 80),
('B21DCKT015', 'Phạm Thị Tú', 'Khoa Tài chính kế toán', 95),
('B21DCKT016', 'Lê Văn Đức', 'Khoa Tài chính kế toán', 60),
('B21DCKT017', 'Nguyễn Thị Hằng', 'Khoa Tài chính kế toán', 100),
('B21DCKT018', 'Trần Văn Minh', 'Khoa Tài chính kế toán', 45),
('B21DCKT019', 'Phạm Thị Kim', 'Khoa Tài chính kế toán', 70),
('B21DCKT020', 'Lê Văn Thành', 'Khoa Tài chính kế toán', 110),
('B21DCKT021', 'Nguyễn Thị Hà', 'Khoa Tài chính kế toán', 85),
('B21DCKT022', 'Trần Văn Tuấn', 'Khoa Tài chính kế toán', 50),
('B21DCKT023', 'Phạm Thị Thu', 'Khoa Tài chính kế toán', 95),
('B21DCKT024', 'Lê Văn Đạt', 'Khoa Tài chính kế toán', 75),
('B21DCKT025', 'Nguyễn Thị Hải', 'Khoa Tài chính kế toán', 105),
('B21DCKT026', 'Trần Văn Thịnh', 'Khoa Tài chính kế toán', 80),
('B21DCKT027', 'Phạm Thị Thúy', 'Khoa Tài chính kế toán', 115),
('B21DCKT028', 'Lê Văn Đức', 'Khoa Tài chính kế toán', 90),
('B21DCKT029', 'Nguyễn Thị Hạnh', 'Khoa Tài chính kế toán', 65),
('B21DCKT030', 'Trần Văn Hải', 'Khoa Tài chính kế toán', 100),
('B21DCKT031', 'Phạm Thị Thanh', 'Khoa Tài chính kế toán', 45),
('B21DCKT032', 'Lê Văn Đạt', 'Khoa Tài chính kế toán', 70),
('B21DCKT033', 'Nguyễn Thị Hồng', 'Khoa Tài chính kế toán', 110),
('B21DCKT034', 'Trần Văn Hùng', 'Khoa Tài chính kế toán', 85),
('B21DCKT035', 'Phạm Thị Kim', 'Khoa Tài chính kế toán', 50),
('B21DCKT036', 'Lê Văn Thành', 'Khoa Tài chính kế toán', 95),
('B21DCKT037', 'Nguyễn Thị Hà', 'Khoa Tài chính kế toán', 105),
('B21DCKT038', 'Trần Văn Tuấn', 'Khoa Tài chính kế toán', 70),
('B21DCKT039', 'Phạm Thị Thu', 'Khoa Tài chính kế toán', 115),
('B21DCKT040', 'Lê Văn Đạt', 'Khoa Tài chính kế toán', 80),
('B21DCKT041', 'Nguyễn Thị Hải', 'Khoa Tài chính kế toán', 95),
('B21DCKT042', 'Trần Văn Thịnh', 'Khoa Tài chính kế toán', 60),
('B21DCKT043', 'Phạm Thị Thúy', 'Khoa Tài chính kế toán', 100),
('B21DCKT044', 'Lê Văn Đức', 'Khoa Tài chính kế toán', 75),
('B21DCKT045', 'Nguyễn Thị Hạnh', 'Khoa Tài chính kế toán', 105),
('B21DCKT046', 'Trần Văn Hải', 'Khoa Tài chính kế toán', 85),
('B21DCKT047', 'Phạm Thị Thanh', 'Khoa Tài chính kế toán', 110),
('B21DCKT048', 'Lê Văn Đạt', 'Khoa Tài chính kế toán', 95),
('B21DCKT049', 'Nguyễn Thị Hồng', 'Khoa Tài chính kế toán', 70),
('B21DCKT050', 'Trần Văn Hùng', 'Khoa Tài chính kế toán', 100),
('B21DCKT051', 'Phạm Thị Kim', 'Khoa Tài chính kế toán', 80),
('B21DCKT052', 'Lê Văn Thành', 'Khoa Tài chính kế toán', 105),
('B21DCKT053', 'Nguyễn Thị Hà', 'Khoa Tài chính kế toán', 90),
('B21DCKT054', 'Trần Văn Tuấn', 'Khoa Tài chính kế toán', 65),
('B21DCKT055', 'Phạm Thị Thu', 'Khoa Tài chính kế toán', 110),
('B21DCKT056', 'Lê Văn Đạt', 'Khoa Tài chính kế toán', 85),
('B21DCKT057', 'Nguyễn Thị Hải', 'Khoa Tài chính kế toán', 105),
('B21DCKT058', 'Trần Văn Thịnh', 'Khoa Tài chính kế toán', 80),
('B21DCKT059', 'Phạm Thị Thúy', 'Khoa Tài chính kế toán', 100),
('B21DCKT060', 'Lê Văn Đức', 'Khoa Tài chính kế toán', 75),
('B21DCKT061', 'Nguyễn Thị Hạnh', 'Khoa Tài chính kế toán', 115),
('B21DCKT062', 'Trần Văn Hải', 'Khoa Tài chính kế toán', 90),
('B21DCKT063', 'Phạm Thị Thanh', 'Khoa Tài chính kế toán', 65),
('B21DCKT064', 'Lê Văn Đạt', 'Khoa Tài chính kế toán', 105),
('B21DCKT065', 'Nguyễn Thị Hồng', 'Khoa Tài chính kế toán', 80),
('B21DCKT066', 'Trần Văn Hùng', 'Khoa Tài chính kế toán', 100),
('B21DCKT067', 'Phạm Thị Kim', 'Khoa Tài chính kế toán', 75),
('B21DCKT068', 'Lê Văn Thành', 'Khoa Tài chính kế toán', 110),
('B21DCKT069', 'Nguyễn Thị Hà', 'Khoa Tài chính kế toán', 85),
('B21DCKT070', 'Trần Văn Tuấn', 'Khoa Tài chính kế toán', 55),
('B21DCKT071', 'Phạm Thị Thu', 'Khoa Tài chính kế toán', 105),
('B21DCKT072', 'Lê Văn Đạt', 'Khoa Tài chính kế toán', 70),
('B21DCKT073', 'Nguyễn Thị Hải', 'Khoa Tài chính kế toán', 115),
('B21DCKT074', 'Trần Văn Thịnh', 'Khoa Tài chính kế toán', 90),
('B21DCKT075', 'Phạm Thị Thúy', 'Khoa Tài chính kế toán', 65),
('B21DCKT076', 'Lê Văn Đức', 'Khoa Tài chính kế toán', 110),
('B21DCKT077', 'Nguyễn Thị Hạnh', 'Khoa Tài chính kế toán', 85),
('B21DCKT078', 'Trần Văn Hải', 'Khoa Tài chính kế toán', 100),
('B21DCKT079', 'Phạm Thị Thanh', 'Khoa Tài chính kế toán', 75),
('B21DCKT080', 'Lê Văn Đạt', 'Khoa Tài chính kế toán', 110),
('B21DCKT081', 'Nguyễn Thị Hồng', 'Khoa Tài chính kế toán', 90),
('B21DCKT082', 'Trần Văn Hùng', 'Khoa Tài chính kế toán', 105),
('B21DCKT083', 'Phạm Thị Kim', 'Khoa Tài chính kế toán', 80),
('B21DCKT084', 'Lê Văn Thành', 'Khoa Tài chính kế toán', 115),
('B21DCKT085', 'Phạm Thị Minh', 'Khoa Tài chính kế toán', 85),
('B21DCKT086', 'Nguyễn Văn Hùng', 'Khoa Tài chính kế toán', 105),
('B21DCKT087', 'Trần Thị Ngọc', 'Khoa Tài chính kế toán', 70),
('B21DCKT088', 'Lê Thị Mai', 'Khoa Tài chính kế toán', 115),
('B21DCKT089', 'Phạm Văn Đức', 'Khoa Tài chính kế toán', 90),
('B21DCKT090', 'Nguyễn Thị Hà', 'Khoa Tài chính kế toán', 105),
('B21DCKT091', 'Trần Văn Nam', 'Khoa Tài chính kế toán', 80),
('B21DCKT092', 'Lê Thị Hương', 'Khoa Tài chính kế toán', 110),
('B21DCKT093', 'Phạm Văn Hải', 'Khoa Tài chính kế toán', 95),
('B21DCKT094', 'Nguyễn Thị Hoa', 'Khoa Tài chính kế toán', 105),
('B21DCKT095', 'Trần Văn Thắng', 'Khoa Tài chính kế toán', 70),
('B21DCKT096', 'Lê Thị Hồng', 'Khoa Tài chính kế toán', 115),
('B21DCKT097', 'Phạm Văn Đạt', 'Khoa Tài chính kế toán', 90),
('B21DCKT098', 'Nguyễn Thị Kim', 'Khoa Tài chính kế toán', 105),
('B21DCKT099', 'Trần Văn Tuấn', 'Khoa Tài chính kế toán', 80),
('B21DCKT100', 'Lê Thị Thảo', 'Khoa Tài chính kế toán', 115),
('B21DCKT101', 'Phạm Văn Đức', 'Khoa Tài chính kế toán', 95),
('B21DCKT102', 'Nguyễn Thị Hồng', 'Khoa Tài chính kế toán', 105),
('B21DCKT103', 'Trần Văn Thanh', 'Khoa Tài chính kế toán', 85),
('B21DCKT104', 'Lê Thị Hường', 'Khoa Tài chính kế toán', 110),
('B21DCKT105', 'Phạm Văn Dũng', 'Khoa Tài chính kế toán', 100),
('B21DCKT106', 'Nguyễn Thị Hà', 'Khoa Tài chính kế toán', 105);



INSERT INTO Advisor (s_ID, i_ID) VALUES
('B21DCCB001', 'GV002'),
('B21DCCB002', 'GV002'),
('B21DCCB003', 'GV002'),
('B21DCCB004', 'GV002'),
('B21DCCB005', 'GV002'),
('B21DCCB006', 'GV002'),
('B21DCCB007', 'GV002'),
('B21DCCB008', 'GV002'),
('B21DCCB009', 'GV002'),
('B21DCCB010', 'GV002'),
('B21DCCB011', 'GV002'),
('B21DCCB012', 'GV002'),
('B21DCCB013', 'GV002'),
('B21DCCB014', 'GV002'),
('B21DCCB015', 'GV002'),
('B21DCCB016', 'GV002'),
('B21DCCB017', 'GV002'),
('B21DCCB018', 'GV002'),
('B21DCCB019', 'GV002'),
('B21DCCB020', 'GV002'),
('B21DCCB021', 'GV002'),
('B21DCCB022', 'GV002'),
('B21DCCB023', 'GV002'),
('B21DCCB024', 'GV002'),
('B21DCCB025', 'GV002'),
('B21DCCB026', 'GV002'),
('B21DCCB027', 'GV002'),
('B21DCCB028', 'GV002'),
('B21DCCB029', 'GV002'),
('B21DCCB030', 'GV002'),
('B21DCCB031', 'GV005'),
('B21DCCB032', 'GV005'),
('B21DCCB033', 'GV005'),
('B21DCCB034', 'GV005'),
('B21DCCB035', 'GV005'),
('B21DCCB036', 'GV005'),
('B21DCCB037', 'GV005'),
('B21DCCB038', 'GV005'),
('B21DCCB039', 'GV005'),
('B21DCCB040', 'GV005'),
('B21DCCB041', 'GV005'),
('B21DCCB042', 'GV005'),
('B21DCCB043', 'GV005'),
('B21DCCB044', 'GV005'),
('B21DCCB045', 'GV005'),
('B21DCCB046', 'GV005'),
('B21DCCB047', 'GV005'),
('B21DCCB048', 'GV005'),
('B21DCCB049', 'GV005'),
('B21DCCB050', 'GV005'),
('B21DCCB051', 'GV005'),
('B21DCCB052', 'GV005'),
('B21DCCB053', 'GV005'),
('B21DCCB054', 'GV005'),
('B21DCCB055', 'GV005'),
('B21DCCB056', 'GV005'),
('B21DCCB057', 'GV005'),
('B21DCCB058', 'GV005'),
('B21DCCB059', 'GV005'),
('B21DCCB060', 'GV005');


INSERT INTO course (course_id, title, dept_name, credits) VALUES
('INT1358', 'Toán rời rạc 1', 'Khoa Công nghệ thông tin', 3),
('INT1359', 'Toán rời rạc 2', 'Khoa Công nghệ thông tin', 3),
('INT1339', 'Ngôn ngữ lập trình C++', 'Khoa Công nghệ thông tin', 3),
('INT1313', 'Cơ sở dữ liệu', 'Khoa Công nghệ thông tin', 3),
('INT1323', 'Kiến trúc máy tính', 'Khoa Công nghệ thông tin', 2),
('INT1319', 'Hệ điều hành', 'Khoa Công nghệ thông tin', 3),
('INT1341', 'Nhập môn công nghệ phần mềm', 'Khoa Công nghệ thông tin', 3),
('INT1328', 'Kĩ thuật đồ họa', 'Khoa Công nghệ thông tin', 3),
('INT1434', 'Lập trình Web', 'Khoa Công nghệ thông tin', 3),
('INT1433', 'Lập trình mạng', 'Khoa Công nghệ thông tin', 3),
('INT1450', 'Quản lý dự án phần mềm', 'Khoa Công nghệ thông tin', 3),
('INT1362', 'Xử lý ảnh', 'Khoa Công nghệ thông tin', 2),
('INT1342', 'Nhập môn trí tuệ nhân tạo', 'Khoa Công nghệ thông tin', 3),
('INT1336', 'Mạng máy tính', 'Khoa Công nghệ thông tin', 3),
('INT1332', 'Lập trình hướng đối tượng', 'Khoa Công nghệ thông tin', 3),
('INT1446', 'Phát triển hệ thống', 'Khoa Công nghệ thông tin', 3),
('INT1402', 'An ninh mạng', 'Khoa Công nghệ thông tin', 3),
('INT1416', 'Đảm bảo chất lượng phần mềm', 'Khoa Công nghệ thông tin', 3),
('INT5001', 'Lập trình Cơ bản', 'Khoa Công nghệ thông tin', 3),
('INT5011', 'Lập trình Mobile', 'Khoa Công nghệ thông tin', 3),
('INT5012', 'Quản lý Dự án CNTT', 'Khoa Công nghệ thông tin', 3),
('INT5014', 'Cơ sở Máy học', 'Khoa Công nghệ thông tin', 3),
('INT5015', 'Xử lý Ngôn ngữ Tự nhiên', 'Khoa Công nghệ thông tin', 3),
('INT5016', 'Điện toán Đám mây', 'Khoa Công nghệ thông tin', 4),
('INT5021', 'Lập trình Python', 'Khoa Công nghệ thông tin', 3),
('INT5027', 'Hệ thống Nhúng', 'Khoa Công nghệ thông tin', 3),
('INT5037', 'Lập trình Java', 'Khoa Công nghệ thông tin', 3),
('INT5038', 'Lập trình C#', 'Khoa Công nghệ thông tin', 3),
('INT5044', 'Lập trình PHP', 'Khoa Công nghệ thông tin', 3),
('INT5050', 'Lập trình JavaScript', 'Khoa Công nghệ thông tin', 3),
('INT5052', 'Học máy nâng cao', 'Khoa Công nghệ thông tin', 3),
('INT5053', 'Xử lý Dữ liệu lớn', 'Khoa Công nghệ thông tin', 3),
('BAS1111', 'Chủ nghĩa Mác Lênin', 'Khoa Cơ bản', 2),
('BAS1122', 'Tư tưởng Hồ Chí Minh', 'Khoa Cơ bản', 2),
('BAS1102', 'Lịch sử Đảng', 'Khoa Cơ bản', 2),
('BAS1141', 'Tiếng Anh 1', 'Khoa Cơ bản', 4),
('BAS1142', 'Tiếng Anh 2', 'Khoa Cơ bản', 4),
('BAS1143', 'Tiếng Anh 3', 'Khoa Cơ bản', 4),
('BAS1144', 'Tiếng Anh 3+', 'Khoa Cơ bản', 4),
('BAS1106', 'Thể chất 1', 'Khoa Cơ bản', 2),
('BAS1107', 'Thể chất 2', 'Khoa Cơ bản', 2),
('SKD1101', 'Kĩ năng thuyết trình', 'Khoa Cơ bản', 1),
('SKD1102', 'Kĩ năng làm việc nhóm', 'Khoa Cơ bản', 1),
('SKD1103', 'Kĩ năng tạo lập văn bản', 'Khoa Cơ bản', 1),
('SKD1105', 'Kĩ năng giao tiếp', 'Khoa Cơ bản', 1),
('BAS1203', 'Giải tích 1', 'Khoa Cơ bản', 3),
('BAS1204', 'Giải tích 2', 'Khoa Cơ bản', 3),
('BAS1201', 'Đại số', 'Khoa Cơ bản', 3),
('BAS1224', 'Vật lý 1 và thí nghiệm', 'Khoa Cơ bản', 4),
('BAS1225', 'Vật lý 2 và thí nghiệm', 'Khoa Cơ bản', 4),
('BAS1227', 'Vật lý 3 và thí nghiệm', 'Khoa Cơ bản', 4),
('BAS1226', 'Xác suất thống kê', 'Khoa Cơ bản', 4),
('BAS1210', 'Lý thuyết xác suất thống kê', 'Khoa Cơ bản', 3),
('BAS1221', 'Pháp luật đại cương', 'Khoa Cơ bản', 2),
('BAS1219', 'Toán cao cấp 1', 'Khoa Cơ bản', 2),
('MUL1238', 'Cơ sở tạo hình', 'Khoa Đa phương tiện', 3),
('MUL1230', 'Nhập môn đa phương tiện', 'Khoa Đa phương tiện', 2),
('MUL1218', 'Mĩ thuật cơ bản', 'Khoa Đa phương tiện', 3),
('MUL1314', 'Kĩ thuật quay phim', 'Khoa Đa phương tiện', 3),
('MUL1425', 'Thiết kế tương tác', 'Khoa Đa phương tiện', 3),
('MUL1454', 'Thiết kế đồ họa 3D', 'Khoa Đa phương tiện', 3),
('MUL1307', 'Xử lý và truyền thông đa phương tiện', 'Khoa Đa phương tiện', 3),
('MUL1429', 'Thiết kế web cơ bản', 'Khoa Đa phương tiện', 3),
('MUL1415', 'Kĩ xảo đa phương tiện', 'Khoa Đa phương tiện', 2),
('MUL1423', 'Kịch bản đa phương tiện', 'Khoa Đa phương tiện', 3),
('MUL1312', 'Kĩ thuật âm thanh', 'Khoa Đa phương tiện', 3),
('MUL1025', 'Xử lí ảnh và video', 'Khoa Đa phương tiện', 3),
('MUL1026', 'Lập trình âm thanh', 'Khoa Đa phương tiện', 2),
('MUL1027', 'Thiết kế game', 'Khoa Đa phương tiện', 3),
('MUL1028', 'Cơ sở tạo hình nâng cao', 'Khoa Đa phương tiện', 3),
('MUL1500', 'Mĩ thuật nâng cao', 'Khoa Đa phương tiện', 3),
('MUL1501', 'Thiết kế hình động 1', 'Khoa Đa phương tiện', 4),
('MUL1502', 'Đồ họa chữ 1', 'Khoa Đa phương tiện', 3),
('MUL1505', 'Đồ họa chữ 2', 'Khoa Đa phương tiện', 3),
('MUL1506', 'Đồ họa chữ 3', 'Khoa Đa phương tiện', 3),
('MUL1503', 'Thiết kế hình động 2', 'Khoa Đa phương tiện', 3),
('MUL1504', 'Thiết kế hình động 3', 'Khoa Đa phương tiện', 3),
('MUL1507', 'Luật xa gần', 'Khoa Đa phương tiện', 2),
('MUL1508', 'Thiết kế ấn phẩm điện tử 1', 'Khoa Đa phương tiện', 3),
('MUL1509', 'Thiết kế ấn phẩm điện tử 2', 'Khoa Đa phương tiện', 3),
('FIA0001', 'Nhập môn Kinh doanh', 'Khoa Quản trị kinh doanh', 3),
('FIA0002', 'Nguyên lý Quản trị', 'Khoa Quản trị kinh doanh', 3),
('FIA0003', 'Cơ bản về Marketing', 'Khoa Quản trị kinh doanh', 3),
('FIA0004', 'Kế toán Tài chính', 'Khoa Quản trị kinh doanh', 3),
('FIA0005', 'Đạo đức Kinh doanh', 'Khoa Quản trị kinh doanh', 2),
('FIA0006', 'Quản trị Nhân sự', 'Khoa Quản trị kinh doanh', 3),
('FIA0007', 'Quản trị Chiến lược', 'Khoa Quản trị kinh doanh', 3),
('FIA0008', 'Quản trị Vận hành', 'Khoa Quản trị kinh doanh', 3),
('FIA0009', 'Hành vi Tổ chức', 'Khoa Quản trị kinh doanh', 3),
('FIA0010', 'Kinh doanh Quốc tế', 'Khoa Quản trị kinh doanh', 3),
('FIA0011', 'Luật Kinh doanh', 'Khoa Quản trị kinh doanh', 2),
('FIA0012', 'Khởi nghiệp', 'Khoa Quản trị kinh doanh', 3),
('FIA0013', 'Tài chính Doanh nghiệp', 'Khoa Quản trị kinh doanh', 3),
('FIA0014', 'Giao tiếp Kinh doanh', 'Khoa Quản trị kinh doanh', 2),
('FIA0015', 'Kinh tế học cho Nhà quản lý', 'Khoa Quản trị kinh doanh', 3),
('ELE0001', 'Kỹ thuật Viễn thông', 'Khoa Viễn thông', 3),
('ELE0002', 'Mạng Truyền thông', 'Khoa Viễn thông', 4),
('ELE0003', 'Công nghệ Vô tuyến', 'Khoa Viễn thông', 3),
('ELE0004', 'Hệ thống Viễn thông', 'Khoa Viễn thông', 3),
('ELE0005', 'Thiết kế Mạng', 'Khoa Viễn thông', 3),
('ELE0006', 'Xử lý Tín hiệu Số', 'Khoa Viễn thông', 4),
('ELE0007', 'Thông tin Quang học', 'Khoa Viễn thông', 3),
('ELE0008', 'Truyền thông Không dây', 'Khoa Viễn thông', 4),
('ELE0009', 'Cơ sở Dữ liệu Viễn thông', 'Khoa Viễn thông', 3),
('ELE0010', 'Quản lý Mạng', 'Khoa Viễn thông', 3),
('ELE0016', 'Công nghệ Mạng LAN/WAN', 'Khoa Viễn thông', 4),
('ELE0017', 'Thiết kế Hệ thống Viễn thông', 'Khoa Viễn thông', 3),
('ELE0018', 'Phân tích Hiệu suất Mạng', 'Khoa Viễn thông', 2),
('ELE0019', 'Giao thức Mạng', 'Khoa Viễn thông', 3),
('ELE0020', 'Chuyển mạch và Định tuyến', 'Khoa Viễn thông', 4),
('KDT0001', 'Điện tử Cơ bản', 'Khoa Kỹ thuật điện tử', 3),
('KDT0002', 'Mạch điện', 'Khoa Kỹ thuật điện tử', 3),
('KDT0003', 'Kỹ thuật số', 'Khoa Kỹ thuật điện tử', 3),
('KDT0004', 'Lý thuyết mạch', 'Khoa Kỹ thuật điện tử', 4),
('KDT0005', 'Vi xử lý', 'Khoa Kỹ thuật điện tử', 4),
('KDT0006', 'Hệ thống nhúng', 'Khoa Kỹ thuật điện tử', 3),
('KDT0007', 'Điện tử công suất', 'Khoa Kỹ thuật điện tử', 3),
('KDT0008', 'Điều khiển tự động', 'Khoa Kỹ thuật điện tử', 3),
('KDT0009', 'Truyền thông số', 'Khoa Kỹ thuật điện tử', 4),
('KDT0010', 'Mạng máy tính', 'Khoa Kỹ thuật điện tử', 3),
('KDT0011', 'Tín hiệu và hệ thống', 'Khoa Kỹ thuật điện tử', 3),
('KDT0012', 'Xử lý tín hiệu số', 'Khoa Kỹ thuật điện tử', 4),
('KDT0016', 'Hệ thống viễn thông', 'Khoa Kỹ thuật điện tử', 3),
('KDT0017', 'Công nghệ viễn thông', 'Khoa Kỹ thuật điện tử', 3),
('KDT0018', 'Điện tử nano', 'Khoa Kỹ thuật điện tử', 4),
('ATT0001', 'Nhập môn An toàn Thông tin', 'Khoa An toàn thông tin', 3),
('ATT0002', 'Mật mã học', 'Khoa An toàn thông tin', 4),
('ATT0003', 'An ninh mạng', 'Khoa An toàn thông tin', 3),
('ATT0004', 'Quản lý rủi ro thông tin', 'Khoa An toàn thông tin', 2),
('ATT0006', 'Hệ thống Phát hiện Xâm nhập', 'Khoa An toàn thông tin', 3),
('ATT0007', 'Kiểm thử và Đánh giá Bảo mật', 'Khoa An toàn thông tin', 4),
('ATT0008', 'Chính sách An toàn Thông tin', 'Khoa An toàn thông tin', 3),
('ATT0009', 'Công nghệ Firewall và VPN', 'Khoa An toàn thông tin', 2),
('ATT0012', 'Mạng Máy tính và An toàn', 'Khoa An toàn thông tin', 3),
('ATT0013', 'Bảo mật Web và Ứng dụng', 'Khoa An toàn thông tin', 3),
('ATT0014', 'Kiểm soát Truy cập', 'Khoa An toàn thông tin', 2),
('ATT0015', 'An ninh Thông tin Cá nhân', 'Khoa An toàn thông tin', 3),
('ATT0016', 'Công nghệ Blockchain và An toàn', 'Khoa An toàn thông tin', 3),
('ATT0017', 'Đánh giá Lỗ hổng Bảo mật', 'Khoa An toàn thông tin', 3),
('ATT0018', 'Hệ thống và Mạng An toàn', 'Khoa An toàn thông tin', 4),
('ATT0019', 'Quản lý Nhận diện và Xác thực', 'Khoa An toàn thông tin', 2),
('ATT0020', 'Điện toán Đám mây và Bảo mật', 'Khoa An toàn thông tin', 3),
('ATT0021', 'Bảo mật Hệ điều hành', 'Khoa An toàn thông tin', 3),
('ATT0022', 'Công nghệ IoT và An toàn', 'Khoa An toàn thông tin', 3),
('ATT0023', 'Tội phạm Mạng và Điều tra', 'Khoa An toàn thông tin', 4),
('ATT0024', 'Phát triển phần mềm an toàn', 'Khoa An toàn thông tin', 3),
('TCK0001', 'Nguyên lý Kế toán', 'Khoa Tài chính kế toán', 3),
('TCK0002', 'Kế toán Tài chính 1', 'Khoa Tài chính kế toán', 4),
('TCK0003', 'Kế toán Tài chính 2', 'Khoa Tài chính kế toán', 4),
('TCK0004', 'Kế toán Quản trị', 'Khoa Tài chính kế toán', 3),
('TCK0005', 'Nguyên lý Tài chính', 'Khoa Tài chính kế toán', 3),
('TCK0006', 'Phân tích Tài chính', 'Khoa Tài chính kế toán', 3),
('TCK0007', 'Quản lý Tài chính', 'Khoa Tài chính kế toán', 3),
('TCK0008', 'Kiểm toán 1', 'Khoa Tài chính kế toán', 4),
('TCK0009', 'Kiểm toán 2', 'Khoa Tài chính kế toán', 4),
('TCK0010', 'Thuế và Hệ thống Thuế', 'Khoa Tài chính kế toán', 3),
('TCK0014', 'Định giá Tài sản', 'Khoa Tài chính kế toán', 3),
('TCK0015', 'Phân tích Báo cáo Tài chính', 'Khoa Tài chính kế toán', 3);

INSERT INTO time_slot (time_slot_id, day, start_hr, start_min, end_hr, end_min) VALUES 
('K2_1', '2', 7, 0, 8, 50),
('K2_2', '2', 9, 0, 10, 50),
('K2_3', '2', 14, 0, 15, 50),
('K2_4', '2', 16, 0, 17, 50),
('K3_1', '3', 7, 0, 8, 50),
('K3_2', '3', 9, 0, 10, 50),
('K3_3', '3', 14, 0, 15, 50),
('K3_4', '3', 16, 0, 17, 50),
('K4_1', '4', 7, 0, 8, 50),
('K4_2', '4', 9, 0, 10, 50),
('K4_3', '4', 14, 0, 15, 50),
('K4_4', '4', 16, 0, 17, 50),
('K5_1', '5', 7, 0, 8, 50),
('K5_2', '5', 9, 0, 10, 50),
('K5_3', '5', 14, 0, 15, 50),
('K5_4', '5', 16, 0, 17, 50),
('K6_1', '6', 7, 0, 8, 50),
('K6_2', '6', 9, 0, 10, 50),
('K6_3', '6', 14, 0, 15, 50),
('K6_4', '6', 16, 0, 17, 50);

INSERT INTO classroom (building, room_number, capacity) VALUES
('A1', '101', 60),
('A1', '102', 75),
('A1', '103', 50),
('A1', '104', 80),
('A1', '105', 55),
('A1', '201', 65),
('A1', '202', 70),
('A1', '203', 85),
('A1', '204', 90),
('A1', '205', 95),
('A2', '101', 60),
('A2', '102', 75),
('A2', '103', 50),
('A2', '104', 80),
('A2', '105', 55),
('A2', '201', 65),
('A2', '202', 70),
('A2', '203', 85),
('A2', '204', 90),
('A2', '205', 95),
('A2', '301', 50),
('A2', '302', 75),
('A2', '303', 60),
('A2', '304', 85),
('A2', '305', 55),
('A2', '401', 90),
('A2', '402', 70),
('A2', '403', 80),
('A2', '404', 50),
('A2', '405', 100),
('A2', '501', 60),
('A2', '502', 85),
('A2', '503', 70),
('A2', '504', 75),
('A2', '505', 90),
('A3', '101', 60),
('A3', '102', 75),
('A3', '103', 50),
('A3', '104', 80),
('A3', '105', 55),
('A3', '201', 65),
('A3', '202', 70),
('A3', '203', 85),
('A3', '204', 90),
('A3', '205', 95),
('A3', '301', 50),
('A3', '302', 75),
('A3', '303', 60),
('A3', '304', 85),
('A3', '305', 55),
('A3', '401', 90),
('A3', '402', 70),
('A3', '403', 80),
('A3', '404', 50),
('A3', '405', 100);


INSERT INTO class (course_id, class_id, semester, year, building, room_number, time_slot_id) VALUES
('INT1358', 'CL001', 'Fall', 2023, 'A1', '101', 'K2_1'),
('INT1358', 'CL002', 'Fall', 2023, 'A1', '101', 'K2_2'),
('INT1358', 'CL003', 'Fall', 2023, 'A1', '101', 'K2_3'),
('INT1358', 'CL004', 'Winter', 2023, 'A1', '101', 'K2_1'),
('INT1339', 'CL005', 'Winter', 2023, 'A2', '502', 'K3_1'),
('INT1339', 'CL006', 'Winter', 2023, 'A2', '502', 'K3_2'),
('INT1339', 'CL007', 'Winter', 2023, 'A1', '101', 'K3_3'),
('INT1328', 'CL008', 'Winter', 2023, 'A2', '502', 'K3_3'),
('INT1328', 'CL009', 'Winter', 2023, 'A2', '502', 'K3_4'),
('INT1434', 'CL011', 'Winter', 2023, 'A2', '404', 'K2_1'),
('INT1434', 'CL012', 'Winter', 2023, 'A2', '404', 'K2_2'),
('INT1434', 'CL013', 'Winter', 2023, 'A3', '201', 'K2_1'),
('INT1434', 'CL014', 'Winter', 2023, 'A3', '201', 'K2_2'),
('INT1434', 'CL015', 'Winter', 2023, 'A3', '201', 'K2_3'),
('INT1434', 'CL016', 'Winter', 2023, 'A3', '201', 'K2_4'),
('MUL1454', 'CL017', 'Summer', 2023, 'A3', '204', 'K6_1'),
('MUL1454', 'CL018', 'Summer', 2023, 'A3', '202', 'K5_1'),
('MUL1454', 'CL021', 'Summer', 2024, 'A3', '204', 'K4_1'),
('MUL1454', 'CL022', 'Summer', 2024, 'A3', '202', 'K4_2'),
('ELE0002', 'CL019', 'Spring', 2024, 'A2', '101', 'K4_1'),
('ELE0002', 'CL020', 'Spring', 2024, 'A2', '101', 'K4_3'),
('MUL1501', 'CL027', 'Fall', 2024, 'A2', '201', 'K4_3'),
('MUL1501', 'CL028', 'Fall', 2024, 'A2', '201', 'K4_4'),
('BAS1111', 'CL023', 'Summer', 2022, 'A2', '302', 'K3_1'),
('BAS1111', 'CL024', 'Summer', 2022, 'A2', '302', 'K3_2'),
('BAS1111', 'CL025', 'Summer', 2022, 'A2', '303', 'K4_3'),
('BAS1111', 'CL026', 'Summer', 2022, 'A2', '303', 'K4_4');

INSERT INTO teaches (ID, course_id, class_id, semester, year) VALUES
('GV009', 'INT1358', 'CL001', 'Fall', 2023),
('GV013', 'INT1358', 'CL002', 'Fall', 2023),
('GV016', 'INT1358', 'CL003', 'Fall', 2023),
('GV012', 'INT1358', 'CL004', 'Winter', 2023),
('GV014', 'INT1339', 'CL005', 'Winter', 2023),
('GV018', 'INT1339', 'CL006', 'Winter', 2023),
('GV021', 'INT1339', 'CL007', 'Winter', 2023),
('GV018', 'INT1328', 'CL009', 'Winter', 2023),
('GV020', 'INT1328', 'CL008', 'Winter', 2023),
('GV012', 'INT1434', 'CL011', 'Winter', 2023),
('GV014', 'INT1434', 'CL012', 'Winter', 2023),
('GV017', 'INT1434', 'CL013', 'Winter', 2023),
('GV018', 'INT1434', 'CL014', 'Winter', 2023),
('GV020', 'INT1434', 'CL015', 'Winter', 2023),
('GV022', 'INT1434', 'CL016', 'Winter', 2023),
('GV049', 'MUL1454', 'CL017', 'Summer', 2023),
('GV052', 'MUL1454', 'CL018', 'Summer', 2023),
('GV053', 'MUL1454', 'CL021', 'Summer', 2024),
('GV056', 'MUL1454', 'CL022', 'Summer', 2024),
('GV025', 'ELE0002', 'CL019', 'Spring', 2024),
('GV026', 'ELE0002', 'CL020', 'Spring', 2024),
('GV049', 'MUL1501', 'CL027', 'Fall', 2024),
('GV052', 'MUL1501', 'CL028', 'Fall', 2024),
('GV001', 'BAS1111', 'CL023', 'Summer', 2022),
('GV003', 'BAS1111', 'CL024', 'Summer', 2022),
('GV004', 'BAS1111', 'CL025', 'Summer', 2022),
('GV006', 'BAS1111', 'CL026', 'Summer', 2022);

INSERT INTO Takes (ID, course_id, class_id, semester, year, grade) VALUES
('B21DCCN001', 'INT1358', 'CL001', 'Fall', 2023, 8.5),
('B21DCCN002', 'INT1358', 'CL001', 'Fall', 2023, 7.8),
('B21DCCN003', 'INT1358', 'CL001', 'Fall', 2023, 6.9),
('B21DCCN004', 'INT1358', 'CL001', 'Fall', 2023, 9.2),
('B21DCCN005', 'INT1358', 'CL001', 'Fall', 2023, 8.1),
('B21DCCN006', 'INT1358', 'CL001', 'Fall', 2023, 7.6),
('B21DCCN007', 'INT1358', 'CL001', 'Fall', 2023, 6.5),
('B21DCCN008', 'INT1358', 'CL001', 'Fall', 2023, 9.7),
('B21DCCN009', 'INT1358', 'CL001', 'Fall', 2023, 8.8),
('B21DCCN010', 'INT1358', 'CL001', 'Fall', 2023, 7.9),
('B21DCCN011', 'INT1358', 'CL001', 'Fall', 2023, 6.7),
('B21DCCN012', 'INT1358', 'CL001', 'Fall', 2023, 9.5),
('B21DCCN013', 'INT1358', 'CL001', 'Fall', 2023, 8.3),
('B21DCCN014', 'INT1358', 'CL001', 'Fall', 2023, 7.2),
('B21DCCN015', 'INT1358', 'CL001', 'Fall', 2023, 6.8),
('B21DCCN016', 'INT1358', 'CL001', 'Fall', 2023, 9.1),
('B21DCCN017', 'INT1358', 'CL001', 'Fall', 2023, 8.6),
('B21DCCN018', 'INT1358', 'CL001', 'Fall', 2023, 7.4),
('B21DCCN019', 'INT1358', 'CL001', 'Fall', 2023, 6.2),
('B21DCCN020', 'INT1358', 'CL001', 'Fall', 2023, 9.4),
('B21DCCN021', 'INT1358', 'CL001', 'Fall', 2023, 8.2),
('B21DCCN022', 'INT1358', 'CL001', 'Fall', 2023, 7.1),
('B21DCCN023', 'INT1358', 'CL001', 'Fall', 2023, 6.6),
('B21DCCN024', 'INT1358', 'CL001', 'Fall', 2023, 9.6),
('B21DCCN025', 'INT1358', 'CL001', 'Fall', 2023, 8.7),
('B21DCCN026', 'INT1358', 'CL001', 'Fall', 2023, 7.7),
('B21DCCN027', 'INT1358', 'CL001', 'Fall', 2023, 6.3),
('B21DCCN028', 'INT1358', 'CL001', 'Fall', 2023, 9.3),
('B21DCCN029', 'INT1358', 'CL001', 'Fall', 2023, 8.9);

INSERT INTO Takes (ID, course_id, class_id, semester, year, grade) VALUES
('B21DCCN031', 'INT1358', 'CL002', 'Fall', 2023, 8.0),
('B21DCCN032', 'INT1358', 'CL002', 'Fall', 2023, 7.5),
('B21DCCN033', 'INT1358', 'CL002', 'Fall', 2023, 6.0),
('B21DCCN034', 'INT1358', 'CL002', 'Fall', 2023, 9.0),
('B21DCCN035', 'INT1358', 'CL002', 'Fall', 2023, 8.5),
('B21DCCN036', 'INT1358', 'CL002', 'Fall', 2023, 7.0),
('B21DCCN037', 'INT1358', 'CL002', 'Fall', 2023, 6.5),
('B21DCCN038', 'INT1358', 'CL002', 'Fall', 2023, 9.5),
('B21DCCN039', 'INT1358', 'CL002', 'Fall', 2023, 8.3),
('B21DCCN040', 'INT1358', 'CL002', 'Fall', 2023, 7.8),
('B21DCCN041', 'INT1358', 'CL002', 'Fall', 2023, 6.7),
('B21DCCN042', 'INT1358', 'CL002', 'Fall', 2023, 9.2),
('B21DCCN043', 'INT1358', 'CL002', 'Fall', 2023, 8.9),
('B21DCCN044', 'INT1358', 'CL002', 'Fall', 2023, 7.6),
('B21DCCN045', 'INT1358', 'CL002', 'Fall', 2023, 6.3),
('B21DCCN046', 'INT1358', 'CL002', 'Fall', 2023, 9.8),
('B21DCCN047', 'INT1358', 'CL002', 'Fall', 2023, 8.7),
('B21DCCN048', 'INT1358', 'CL002', 'Fall', 2023, 7.2),
('B21DCCN049', 'INT1358', 'CL002', 'Fall', 2023, 6.1),
('B21DCCN050', 'INT1358', 'CL002', 'Fall', 2023, 9.7),
('B21DCCN051', 'INT1358', 'CL002', 'Fall', 2023, 8.4),
('B21DCCN052', 'INT1358', 'CL002', 'Fall', 2023, 7.3),
('B21DCCN053', 'INT1358', 'CL002', 'Fall', 2023, 6.2),
('B21DCCN054', 'INT1358', 'CL002', 'Fall', 2023, 9.6),
('B21DCCN055', 'INT1358', 'CL002', 'Fall', 2023, 8.1),
('B21DCCN056', 'INT1358', 'CL002', 'Fall', 2023, 7.4),
('B21DCCN057', 'INT1358', 'CL002', 'Fall', 2023, 6.4),
('B21DCCN058', 'INT1358', 'CL002', 'Fall', 2023, 9.1),
('B21DCCN059', 'INT1358', 'CL002', 'Fall', 2023, 8.2),
('B21DCCN060', 'INT1358', 'CL002', 'Fall', 2023, 7.7),
('B21DCCN121', 'INT1358', 'CL002', 'Fall', 2023, 8.0),
('B21DCCN122', 'INT1358', 'CL002', 'Fall', 2023, 7.5),
('B21DCCN123', 'INT1358', 'CL002', 'Fall', 2023, 6.5),
('B21DCCN124', 'INT1358', 'CL002', 'Fall', 2023, 7.0),
('B21DCCN125', 'INT1358', 'CL002', 'Fall', 2023, 8.5);

INSERT INTO Takes (ID, course_id, class_id, semester, year, grade) VALUES
('B21DCCN061', 'INT1358', 'CL003', 'Fall', 2023, 8.0),
('B21DCCN062', 'INT1358', 'CL003', 'Fall', 2023, 7.5),
('B21DCCN063', 'INT1358', 'CL003', 'Fall', 2023, 6.0),
('B21DCCN064', 'INT1358', 'CL003', 'Fall', 2023, 9.0),
('B21DCCN065', 'INT1358', 'CL003', 'Fall', 2023, 8.5),
('B21DCCN066', 'INT1358', 'CL003', 'Fall', 2023, 7.0),
('B21DCCN067', 'INT1358', 'CL003', 'Fall', 2023, 6.5),
('B21DCCN068', 'INT1358', 'CL003', 'Fall', 2023, 9.5),
('B21DCCN069', 'INT1358', 'CL003', 'Fall', 2023, 8.3),
('B21DCCN070', 'INT1358', 'CL003', 'Fall', 2023, 7.8),
('B21DCCN071', 'INT1358', 'CL003', 'Fall', 2023, 6.7),
('B21DCCN072', 'INT1358', 'CL003', 'Fall', 2023, 9.2),
('B21DCCN073', 'INT1358', 'CL003', 'Fall', 2023, 8.9),
('B21DCCN074', 'INT1358', 'CL003', 'Fall', 2023, 7.6),
('B21DCCN075', 'INT1358', 'CL003', 'Fall', 2023, 6.3),
('B21DCCN076', 'INT1358', 'CL003', 'Fall', 2023, 9.8),
('B21DCCN077', 'INT1358', 'CL003', 'Fall', 2023, 8.7),
('B21DCCN078', 'INT1358', 'CL003', 'Fall', 2023, 7.2),
('B21DCCN079', 'INT1358', 'CL003', 'Fall', 2023, 6.1),
('B21DCCN080', 'INT1358', 'CL003', 'Fall', 2023, 9.7),
('B21DCCN081', 'INT1358', 'CL003', 'Fall', 2023, 8.4),
('B21DCCN082', 'INT1358', 'CL003', 'Fall', 2023, 7.3),
('B21DCCN083', 'INT1358', 'CL003', 'Fall', 2023, 6.2),
('B21DCCN084', 'INT1358', 'CL003', 'Fall', 2023, 9.6),
('B21DCCN085', 'INT1358', 'CL003', 'Fall', 2023, 8.1),
('B21DCCN086', 'INT1358', 'CL003', 'Fall', 2023, 7.4),
('B21DCCN087', 'INT1358', 'CL003', 'Fall', 2023, 6.4),
('B21DCCN088', 'INT1358', 'CL003', 'Fall', 2023, 9.1),
('B21DCCN089', 'INT1358', 'CL003', 'Fall', 2023, 8.2),
('B21DCCN090', 'INT1358', 'CL003', 'Fall', 2023, 7.7),
('B21DCCN130', 'INT1358', 'CL003', 'Fall', 2023, 9.0),
('B21DCCN131', 'INT1358', 'CL003', 'Fall', 2023, 8.5),
('B21DCCN132', 'INT1358', 'CL003', 'Fall', 2023, 7.5);


INSERT INTO Takes (ID, course_id, class_id, semester, year, grade) VALUES
('B21DCCN091', 'INT1358', 'CL004', 'Winter', 2023, 8.0),
('B21DCCN092', 'INT1358', 'CL004', 'Winter', 2023, 7.5),
('B21DCCN093', 'INT1358', 'CL004', 'Winter', 2023, 6.0),
('B21DCCN094', 'INT1358', 'CL004', 'Winter', 2023, 9.0),
('B21DCCN095', 'INT1358', 'CL004', 'Winter', 2023, 8.5),
('B21DCCN096', 'INT1358', 'CL004', 'Winter', 2023, 7.0),
('B21DCCN097', 'INT1358', 'CL004', 'Winter', 2023, 6.5),
('B21DCCN098', 'INT1358', 'CL004', 'Winter', 2023, 9.5),
('B21DCCN099', 'INT1358', 'CL004', 'Winter', 2023, 8.3),
('B21DCCN100', 'INT1358', 'CL004', 'Winter', 2023, 7.8),
('B21DCCN101', 'INT1358', 'CL004', 'Winter', 2023, 6.7),
('B21DCCN102', 'INT1358', 'CL004', 'Winter', 2023, 9.2),
('B21DCCN103', 'INT1358', 'CL004', 'Winter', 2023, 8.9),
('B21DCCN104', 'INT1358', 'CL004', 'Winter', 2023, 7.6),
('B21DCCN105', 'INT1358', 'CL004', 'Winter', 2023, 6.3),
('B21DCCN106', 'INT1358', 'CL004', 'Winter', 2023, 9.8),
('B21DCCN107', 'INT1358', 'CL004', 'Winter', 2023, 8.7),
('B21DCCN108', 'INT1358', 'CL004', 'Winter', 2023, 7.2),
('B21DCCN109', 'INT1358', 'CL004', 'Winter', 2023, 6.1),
('B21DCCN110', 'INT1358', 'CL004', 'Winter', 2023, 9.7),
('B21DCCN111', 'INT1358', 'CL004', 'Winter', 2023, 8.4),
('B21DCCN112', 'INT1358', 'CL004', 'Winter', 2023, 7.3),
('B21DCCN113', 'INT1358', 'CL004', 'Winter', 2023, 6.2),
('B21DCCN114', 'INT1358', 'CL004', 'Winter', 2023, 9.6),
('B21DCCN115', 'INT1358', 'CL004', 'Winter', 2023, 8.1),
('B21DCCN116', 'INT1358', 'CL004', 'Winter', 2023, 7.4),
('B21DCCN117', 'INT1358', 'CL004', 'Winter', 2023, 6.4),
('B21DCCN118', 'INT1358', 'CL004', 'Winter', 2023, 9.1),
('B21DCCN119', 'INT1358', 'CL004', 'Winter', 2023, 8.2),
('B21DCCN120', 'INT1358', 'CL004', 'Winter', 2023, 7.7),
('B21DCCN140', 'INT1358', 'CL004', 'Winter', 2023, 9.5),
('B21DCCN141', 'INT1358', 'CL004', 'Winter', 2023, 8.5),
('B21DCCN142', 'INT1358', 'CL004', 'Winter', 2023, 7.5),
('B21DCCN143', 'INT1358', 'CL004', 'Winter', 2023, 6.5),
('B21DCCN144', 'INT1358', 'CL004', 'Winter', 2023, 9.0),
('B21DCCN145', 'INT1358', 'CL004', 'Winter', 2023, 8.0),
('B21DCCN146', 'INT1358', 'CL004', 'Winter', 2023, 7.0),
('B21DCCN147', 'INT1358', 'CL004', 'Winter', 2023, 6.0),
('B21DCCN148', 'INT1358', 'CL004', 'Winter', 2023, 9.0),
('B21DCCN149', 'INT1358', 'CL004', 'Winter', 2023, 8.0),
('B21DCCN150', 'INT1358', 'CL004', 'Winter', 2023, 7.0);

INSERT INTO Takes (ID, course_id, class_id, semester, year, grade) VALUES
('B22DCCN001', 'INT1339', 'CL005', 'Winter', 2023, 8.5),
('B22DCCN002', 'INT1339', 'CL005', 'Winter', 2023, 7.0),
('B22DCCN003', 'INT1339', 'CL005', 'Winter', 2023, 6.0),
('B22DCCN004', 'INT1339', 'CL005', 'Winter', 2023, 8.0),
('B22DCCN005', 'INT1339', 'CL005', 'Winter', 2023, 9.0),
('B22DCCN006', 'INT1339', 'CL005', 'Winter', 2023, 7.5),
('B22DCCN007', 'INT1339', 'CL005', 'Winter', 2023, 8.5),
('B22DCCN008', 'INT1339', 'CL005', 'Winter', 2023, 6.5),
('B22DCCN009', 'INT1339', 'CL005', 'Winter', 2023, 7.0),
('B22DCCN010', 'INT1339', 'CL005', 'Winter', 2023, 8.0),
('B22DCCN011', 'INT1339', 'CL005', 'Winter', 2023, 6.0),
('B22DCCN012', 'INT1339', 'CL005', 'Winter', 2023, 7.5),
('B22DCCN013', 'INT1339', 'CL005', 'Winter', 2023, 8.5),
('B22DCCN014', 'INT1339', 'CL005', 'Winter', 2023, 9.0),
('B22DCCN015', 'INT1339', 'CL005', 'Winter', 2023, 7.0),
('B22DCCN016', 'INT1339', 'CL005', 'Winter', 2023, 8.0),
('B22DCCN017', 'INT1339', 'CL005', 'Winter', 2023, 7.5),
('B22DCCN018', 'INT1339', 'CL005', 'Winter', 2023, 8.5),
('B22DCCN019', 'INT1339', 'CL005', 'Winter', 2023, 6.5),
('B22DCCN020', 'INT1339', 'CL005', 'Winter', 2023, 7.0),
('B22DCCN021', 'INT1339', 'CL005', 'Winter', 2023, 8.0),
('B22DCCN022', 'INT1339', 'CL005', 'Winter', 2023, 9.0),
('B22DCCN023', 'INT1339', 'CL005', 'Winter', 2023, 7.5),
('B22DCCN024', 'INT1339', 'CL005', 'Winter', 2023, 8.5),
('B22DCCN025', 'INT1339', 'CL005', 'Winter', 2023, 6.0),
('B22DCCN026', 'INT1339', 'CL005', 'Winter', 2023, 7.0),
('B22DCCN027', 'INT1339', 'CL005', 'Winter', 2023, 8.0),
('B22DCCN028', 'INT1339', 'CL005', 'Winter', 2023, 6.5),
('B22DCCN029', 'INT1339', 'CL005', 'Winter', 2023, 7.5),
('B22DCCN030', 'INT1339', 'CL005', 'Winter', 2023, 8.0),
('B22DCCN031', 'INT1339', 'CL005', 'Winter', 2023, 7.0),
('B22DCCN032', 'INT1339', 'CL005', 'Winter', 2023, 8.5),
('B22DCCN033', 'INT1339', 'CL005', 'Winter', 2023, 7.5),
('B22DCCN034', 'INT1339', 'CL005', 'Winter', 2023, 6.5),
('B22DCCN035', 'INT1339', 'CL005', 'Winter', 2023, 7.0),
('B22DCCN036', 'INT1339', 'CL005', 'Winter', 2023, 8.0),
('B22DCCN037', 'INT1339', 'CL005', 'Winter', 2023, 8.5),
('B22DCCN038', 'INT1339', 'CL005', 'Winter', 2023, 9.0),
('B22DCCN039', 'INT1339', 'CL005', 'Winter', 2023, 7.5),
('B22DCCN040', 'INT1339', 'CL005', 'Winter', 2023, 8.5),
('B22DCCN041', 'INT1339', 'CL005', 'Winter', 2023, 6.5),
('B22DCCN042', 'INT1339', 'CL005', 'Winter', 2023, 7.0),
('B22DCCN043', 'INT1339', 'CL005', 'Winter', 2023, 8.0),
('B22DCCN044', 'INT1339', 'CL005', 'Winter', 2023, 6.0),
('B22DCCN045', 'INT1339', 'CL005', 'Winter', 2023, 7.5),
('B22DCCN046', 'INT1339', 'CL005', 'Winter', 2023, 8.5),
('B22DCCN047', 'INT1339', 'CL005', 'Winter', 2023, 9.0),
('B22DCCN048', 'INT1339', 'CL005', 'Winter', 2023, 7.0);

INSERT INTO Takes (ID, course_id, class_id, semester, year, grade) VALUES
('B22DCCN049', 'INT1339', 'CL006', 'Winter', 2023, 8.5),
('B22DCCN050', 'INT1339', 'CL006', 'Winter', 2023, 7.0),
('B22DCCN051', 'INT1339', 'CL006', 'Winter', 2023, 6.0),
('B22DCCN052', 'INT1339', 'CL006', 'Winter', 2023, 8.0),
('B22DCCN053', 'INT1339', 'CL006', 'Winter', 2023, 9.0),
('B22DCCN054', 'INT1339', 'CL006', 'Winter', 2023, 7.5),
('B22DCCN055', 'INT1339', 'CL006', 'Winter', 2023, 8.5),
('B22DCCN056', 'INT1339', 'CL006', 'Winter', 2023, 6.5),
('B22DCCN057', 'INT1339', 'CL006', 'Winter', 2023, 7.0),
('B22DCCN058', 'INT1339', 'CL006', 'Winter', 2023, 8.0),
('B22DCCN059', 'INT1339', 'CL006', 'Winter', 2023, 7.5),
('B22DCCN060', 'INT1339', 'CL006', 'Winter', 2023, 8.5),
('B22DCCN061', 'INT1339', 'CL006', 'Winter', 2023, 6.5),
('B22DCCN062', 'INT1339', 'CL006', 'Winter', 2023, 7.0),
('B22DCCN063', 'INT1339', 'CL006', 'Winter', 2023, 8.0),
('B22DCCN064', 'INT1339', 'CL006', 'Winter', 2023, 6.0),
('B22DCCN065', 'INT1339', 'CL006', 'Winter', 2023, 7.5),
('B22DCCN066', 'INT1339', 'CL006', 'Winter', 2023, 8.5),
('B22DCCN067', 'INT1339', 'CL006', 'Winter', 2023, 9.0),
('B22DCCN068', 'INT1339', 'CL006', 'Winter', 2023, 7.0),
('B22DCCN069', 'INT1339', 'CL006', 'Winter', 2023, 8.0),
('B22DCCN070', 'INT1339', 'CL006', 'Winter', 2023, 7.5),
('B22DCCN071', 'INT1339', 'CL006', 'Winter', 2023, 8.5),
('B22DCCN072', 'INT1339', 'CL006', 'Winter', 2023, 6.5),
('B22DCCN073', 'INT1339', 'CL006', 'Winter', 2023, 7.0),
('B22DCCN074', 'INT1339', 'CL006', 'Winter', 2023, 8.0),
('B22DCCN075', 'INT1339', 'CL006', 'Winter', 2023, 6.0),
('B22DCCN076', 'INT1339', 'CL006', 'Winter', 2023, 7.5),
('B22DCCN077', 'INT1339', 'CL006', 'Winter', 2023, 8.5),
('B22DCCN078', 'INT1339', 'CL006', 'Winter', 2023, 9.0),
('B22DCCN079', 'INT1339', 'CL006', 'Winter', 2023, 7.0),
('B22DCCN080', 'INT1339', 'CL006', 'Winter', 2023, 8.0),
('B22DCCN081', 'INT1339', 'CL006', 'Winter', 2023, 7.5),
('B22DCCN082', 'INT1339', 'CL006', 'Winter', 2023, 8.5),
('B22DCCN083', 'INT1339', 'CL006', 'Winter', 2023, 6.5),
('B22DCCN084', 'INT1339', 'CL006', 'Winter', 2023, 7.0),
('B22DCCN085', 'INT1339', 'CL006', 'Winter', 2023, 8.0),
('B22DCCN086', 'INT1339', 'CL006', 'Winter', 2023, 6.0),
('B22DCCN087', 'INT1339', 'CL006', 'Winter', 2023, 7.5),
('B22DCCN088', 'INT1339', 'CL006', 'Winter', 2023, 8.5),
('B22DCCN089', 'INT1339', 'CL006', 'Winter', 2023, 9.0),
('B22DCCN090', 'INT1339', 'CL006', 'Winter', 2023, 7.0),
('B22DCCN091', 'INT1339', 'CL006', 'Winter', 2023, 8.0),
('B22DCCN092', 'INT1339', 'CL006', 'Winter', 2023, 7.5),
('B22DCCN093', 'INT1339', 'CL006', 'Winter', 2023, 8.5),
('B22DCCN094', 'INT1339', 'CL006', 'Winter', 2023, 6.5),
('B22DCCN095', 'INT1339', 'CL006', 'Winter', 2023, 7.0),
('B22DCCN096', 'INT1339', 'CL006', 'Winter', 2023, 8.0),
('B22DCCN097', 'INT1339', 'CL006', 'Winter', 2023, 6.0),
('B22DCCN098', 'INT1339', 'CL006', 'Winter', 2023, 7.5),
('B22DCCN099', 'INT1339', 'CL006', 'Winter', 2023, 8.5),
('B22DCCN100', 'INT1339', 'CL006', 'Winter', 2023, 9.0);

INSERT INTO Takes (ID, course_id, class_id, semester, year, grade) VALUES
('B22DCCN101', 'INT1339', 'CL007', 'Winter', 2023, 8.0),
('B22DCCN102', 'INT1339', 'CL007', 'Winter', 2023, 7.5),
('B22DCCN103', 'INT1339', 'CL007', 'Winter', 2023, 6.0),
('B22DCCN104', 'INT1339', 'CL007', 'Winter', 2023, 8.5),
('B22DCCN105', 'INT1339', 'CL007', 'Winter', 2023, 9.0),
('B22DCCN106', 'INT1339', 'CL007', 'Winter', 2023, 7.0),
('B22DCCN107', 'INT1339', 'CL007', 'Winter', 2023, 8.0),
('B22DCCN108', 'INT1339', 'CL007', 'Winter', 2023, 7.5),
('B22DCCN109', 'INT1339', 'CL007', 'Winter', 2023, 8.5),
('B22DCCN110', 'INT1339', 'CL007', 'Winter', 2023, 6.5),
('B22DCCN111', 'INT1339', 'CL007', 'Winter', 2023, 7.0),
('B22DCCN112', 'INT1339', 'CL007', 'Winter', 2023, 8.0),
('B22DCCN113', 'INT1339', 'CL007', 'Winter', 2023, 6.0),
('B22DCCN114', 'INT1339', 'CL007', 'Winter', 2023, 7.5),
('B22DCCN115', 'INT1339', 'CL007', 'Winter', 2023, 8.5),
('B22DCCN116', 'INT1339', 'CL007', 'Winter', 2023, 9.0),
('B22DCCN117', 'INT1339', 'CL007', 'Winter', 2023, 7.0),
('B22DCCN118', 'INT1339', 'CL007', 'Winter', 2023, 8.0),
('B22DCCN119', 'INT1339', 'CL007', 'Winter', 2023, 7.5),
('B22DCCN120', 'INT1339', 'CL007', 'Winter', 2023, 8.5),
('B22DCCN121', 'INT1339', 'CL007', 'Winter', 2023, 6.5),
('B22DCCN122', 'INT1339', 'CL007', 'Winter', 2023, 7.0),
('B22DCCN123', 'INT1339', 'CL007', 'Winter', 2023, 8.0),
('B22DCCN124', 'INT1339', 'CL007', 'Winter', 2023, 6.0),
('B22DCCN125', 'INT1339', 'CL007', 'Winter', 2023, 7.5),
('B22DCCN126', 'INT1339', 'CL007', 'Winter', 2023, 8.5),
('B22DCCN127', 'INT1339', 'CL007', 'Winter', 2023, 9.0),
('B22DCCN128', 'INT1339', 'CL007', 'Winter', 2023, 7.0),
('B22DCCN129', 'INT1339', 'CL007', 'Winter', 2023, 8.0),
('B22DCCN130', 'INT1339', 'CL007', 'Winter', 2023, 7.5),
('B22DCCN131', 'INT1339', 'CL007', 'Winter', 2023, 8.5),
('B22DCCN132', 'INT1339', 'CL007', 'Winter', 2023, 6.5),
('B22DCCN133', 'INT1339', 'CL007', 'Winter', 2023, 7.0),
('B22DCCN134', 'INT1339', 'CL007', 'Winter', 2023, 8.0),
('B22DCCN135', 'INT1339', 'CL007', 'Winter', 2023, 6.0),
('B22DCCN136', 'INT1339', 'CL007', 'Winter', 2023, 7.5),
('B22DCCN137', 'INT1339', 'CL007', 'Winter', 2023, 8.5),
('B22DCCN138', 'INT1339', 'CL007', 'Winter', 2023, 9.0),
('B22DCCN139', 'INT1339', 'CL007', 'Winter', 2023, 7.0),
('B22DCCN140', 'INT1339', 'CL007', 'Winter', 2023, 8.0),
('B22DCCN141', 'INT1339', 'CL007', 'Winter', 2023, 7.5),
('B22DCCN142', 'INT1339', 'CL007', 'Winter', 2023, 8.5),
('B22DCCN143', 'INT1339', 'CL007', 'Winter', 2023, 6.5),
('B22DCCN144', 'INT1339', 'CL007', 'Winter', 2023, 7.0),
('B22DCCN145', 'INT1339', 'CL007', 'Winter', 2023, 8.0),
('B22DCCN146', 'INT1339', 'CL007', 'Winter', 2023, 6.0);

INSERT INTO Takes (ID, course_id, class_id, semester, year, grade) VALUES
('B23DCCN001', 'INT1328', 'CL009', 'Winter', 2023, 3.0),
('B23DCCN002', 'INT1328', 'CL009', 'Winter', 2023, 3.5),
('B23DCCN003', 'INT1328', 'CL009', 'Winter', 2023, 2.0),
('B23DCCN004', 'INT1328', 'CL009', 'Winter', 2023, 2.5),
('B23DCCN005', 'INT1328', 'CL009', 'Winter', 2023, 4.0),
('B23DCCN006', 'INT1328', 'CL009', 'Winter', 2023, 4.5),
('B23DCCN007', 'INT1328', 'CL009', 'Winter', 2023, 5.0),
('B23DCCN008', 'INT1328', 'CL009', 'Winter', 2023, 5.5),
('B23DCCN009', 'INT1328', 'CL009', 'Winter', 2023, 1.0),
('B23DCCN010', 'INT1328', 'CL009', 'Winter', 2023, 1.5),
('B23DCCN011', 'INT1328', 'CL009', 'Winter', 2023, 2.0),
('B23DCCN012', 'INT1328', 'CL009', 'Winter', 2023, 2.5),
('B23DCCN013', 'INT1328', 'CL009', 'Winter', 2023, 3.0),
('B23DCCN014', 'INT1328', 'CL009', 'Winter', 2023, 3.5),
('B23DCCN015', 'INT1328', 'CL009', 'Winter', 2023, 4.0),
('B23DCCN016', 'INT1328', 'CL009', 'Winter', 2023, 4.5),
('B23DCCN017', 'INT1328', 'CL009', 'Winter', 2023, 5.0),
('B23DCCN018', 'INT1328', 'CL009', 'Winter', 2023, 5.5),
('B23DCCN019', 'INT1328', 'CL009', 'Winter', 2023, 1.0),
('B23DCCN020', 'INT1328', 'CL009', 'Winter', 2023, 1.5),
('B23DCCN021', 'INT1328', 'CL009', 'Winter', 2023, 2.0),
('B23DCCN022', 'INT1328', 'CL009', 'Winter', 2023, 2.5),
('B23DCCN023', 'INT1328', 'CL009', 'Winter', 2023, 3.0),
('B23DCCN024', 'INT1328', 'CL009', 'Winter', 2023, 3.5),
('B23DCCN025', 'INT1328', 'CL009', 'Winter', 2023, 4.0),
('B23DCCN026', 'INT1328', 'CL009', 'Winter', 2023, 4.5),
('B23DCCN027', 'INT1328', 'CL009', 'Winter', 2023, 5.0),
('B23DCCN028', 'INT1328', 'CL009', 'Winter', 2023, 5.5),
('B23DCCN029', 'INT1328', 'CL009', 'Winter', 2023, 1.0),
('B23DCCN030', 'INT1328', 'CL009', 'Winter', 2023, 1.5),
('B23DCCN031', 'INT1328', 'CL009', 'Winter', 2023, 2.0),
('B23DCCN032', 'INT1328', 'CL009', 'Winter', 2023, 2.5),
('B23DCCN033', 'INT1328', 'CL009', 'Winter', 2023, 3.0),
('B23DCCN034', 'INT1328', 'CL009', 'Winter', 2023, 3.5),
('B23DCCN035', 'INT1328', 'CL009', 'Winter', 2023, 4.0),
('B23DCCN036', 'INT1328', 'CL009', 'Winter', 2023, 4.5),
('B23DCCN037', 'INT1328', 'CL009', 'Winter', 2023, 5.0),
('B23DCCN038', 'INT1328', 'CL009', 'Winter', 2023, 5.5),
('B23DCCN039', 'INT1328', 'CL009', 'Winter', 2023, 1.0),
('B23DCCN040', 'INT1328', 'CL009', 'Winter', 2023, 1.5),
('B23DCCN041', 'INT1328', 'CL009', 'Winter', 2023, 2.0),
('B23DCCN042', 'INT1328', 'CL009', 'Winter', 2023, 2.5),
('B23DCCN043', 'INT1328', 'CL009', 'Winter', 2023, 3.0),
('B23DCCN044', 'INT1328', 'CL009', 'Winter', 2023, 3.5),
('B23DCCN045', 'INT1328', 'CL009', 'Winter', 2023, 4.0),
('B23DCCN046', 'INT1328', 'CL009', 'Winter', 2023, 4.5),
('B23DCCN047', 'INT1328', 'CL009', 'Winter', 2023, 5.0),
('B23DCCN048', 'INT1328', 'CL009', 'Winter', 2023, 5.5),
('B23DCCN049', 'INT1328', 'CL009', 'Winter', 2023, 1.0),
('B23DCCN050', 'INT1328', 'CL009', 'Winter', 2023, 1.5),
('B23DCCN051', 'INT1328', 'CL009', 'Winter', 2023, 2.0),
('B23DCCN052', 'INT1328', 'CL009', 'Winter', 2023, 2.5),
('B23DCCN053', 'INT1328', 'CL009', 'Winter', 2023, 3.0),
('B23DCCN054', 'INT1328', 'CL009', 'Winter', 2023, 3.5),
('B23DCCN055', 'INT1328', 'CL009', 'Winter', 2023, 4.0),
('B23DCCN056', 'INT1328', 'CL009', 'Winter', 2023, 4.5),
('B23DCCN057', 'INT1328', 'CL009', 'Winter', 2023, 5.0),
('B23DCCN058', 'INT1328', 'CL009', 'Winter', 2023, 5.5),
('B23DCCN059', 'INT1328', 'CL009', 'Winter', 2023, 1.0),
('B23DCCN060', 'INT1328', 'CL009', 'Winter', 2023, 1.5),
('B23DCCN061', 'INT1328', 'CL009', 'Winter', 2023, 2.0),
('B23DCCN062', 'INT1328', 'CL009', 'Winter', 2023, 2.5),
('B23DCCN063', 'INT1328', 'CL009', 'Winter', 2023, 3.0),
('B23DCCN064', 'INT1328', 'CL009', 'Winter', 2023, 3.5),
('B23DCCN065', 'INT1328', 'CL009', 'Winter', 2023, 4.0),
('B23DCCN066', 'INT1328', 'CL009', 'Winter', 2023, 4.5),
('B23DCCN067', 'INT1328', 'CL009', 'Winter', 2023, 5.0),
('B23DCCN068', 'INT1328', 'CL009', 'Winter', 2023, 5.5),
('B23DCCN069', 'INT1328', 'CL009', 'Winter', 2023, 1.0),
('B23DCCN070', 'INT1328', 'CL009', 'Winter', 2023, 1.5),
('B23DCCN071', 'INT1328', 'CL009', 'Winter', 2023, 2.0),
('B23DCCN072', 'INT1328', 'CL009', 'Winter', 2023, 2.5),
('B23DCCN073', 'INT1328', 'CL009', 'Winter', 2023, 3.0),
('B23DCCN074', 'INT1328', 'CL009', 'Winter', 2023, 3.5),
('B23DCCN075', 'INT1328', 'CL009', 'Winter', 2023, 4.0),
('B23DCCN076', 'INT1328', 'CL009', 'Winter', 2023, 4.5);

INSERT INTO Takes (ID, course_id, class_id, semester, year, grade) VALUES
('B23DCCN077', 'INT1328', 'CL008', 'Winter', 2023, 1.0),
('B23DCCN078', 'INT1328', 'CL008', 'Winter', 2023, 1.5),
('B23DCCN079', 'INT1328', 'CL008', 'Winter', 2023, 2.0),
('B23DCCN080', 'INT1328', 'CL008', 'Winter', 2023, 2.5),
('B23DCCN081', 'INT1328', 'CL008', 'Winter', 2023, 3.0),
('B23DCCN082', 'INT1328', 'CL008', 'Winter', 2023, 3.5),
('B23DCCN083', 'INT1328', 'CL008', 'Winter', 2023, 4.0),
('B23DCCN084', 'INT1328', 'CL008', 'Winter', 2023, 4.5),
('B23DCCN085', 'INT1328', 'CL008', 'Winter', 2023, 5.0),
('B23DCCN086', 'INT1328', 'CL008', 'Winter', 2023, 5.5),
('B23DCCN087', 'INT1328', 'CL008', 'Winter', 2023, 1.0),
('B23DCCN088', 'INT1328', 'CL008', 'Winter', 2023, 1.5),
('B23DCCN089', 'INT1328', 'CL008', 'Winter', 2023, 2.0),
('B23DCCN090', 'INT1328', 'CL008', 'Winter', 2023, 2.5),
('B23DCCN091', 'INT1328', 'CL008', 'Winter', 2023, 3.0),
('B23DCCN092', 'INT1328', 'CL008', 'Winter', 2023, 3.5),
('B23DCCN093', 'INT1328', 'CL008', 'Winter', 2023, 4.0),
('B23DCCN094', 'INT1328', 'CL008', 'Winter', 2023, 4.5),
('B23DCCN095', 'INT1328', 'CL008', 'Winter', 2023, 5.0),
('B23DCCN096', 'INT1328', 'CL008', 'Winter', 2023, 5.5),
('B23DCCN097', 'INT1328', 'CL008', 'Winter', 2023, 1.0),
('B23DCCN098', 'INT1328', 'CL008', 'Winter', 2023, 1.5),
('B23DCCN099', 'INT1328', 'CL008', 'Winter', 2023, 2.0),
('B23DCCN100', 'INT1328', 'CL008', 'Winter', 2023, 2.5),
('B23DCCN101', 'INT1328', 'CL008', 'Winter', 2023, 3.0),
('B23DCCN102', 'INT1328', 'CL008', 'Winter', 2023, 3.5),
('B23DCCN103', 'INT1328', 'CL008', 'Winter', 2023, 4.0),
('B23DCCN104', 'INT1328', 'CL008', 'Winter', 2023, 4.5),
('B23DCCN105', 'INT1328', 'CL008', 'Winter', 2023, 5.0),
('B23DCCN106', 'INT1328', 'CL008', 'Winter', 2023, 5.5),
('B23DCCN107', 'INT1328', 'CL008', 'Winter', 2023, 1.0),
('B23DCCN108', 'INT1328', 'CL008', 'Winter', 2023, 1.5),
('B23DCCN109', 'INT1328', 'CL008', 'Winter', 2023, 2.0),
('B23DCCN110', 'INT1328', 'CL008', 'Winter', 2023, 2.5),
('B23DCCN111', 'INT1328', 'CL008', 'Winter', 2023, 3.0),
('B23DCCN112', 'INT1328', 'CL008', 'Winter', 2023, 3.5),
('B23DCCN113', 'INT1328', 'CL008', 'Winter', 2023, 4.0),
('B23DCCN114', 'INT1328', 'CL008', 'Winter', 2023, 4.5),
('B23DCCN115', 'INT1328', 'CL008', 'Winter', 2023, 5.0),
('B23DCCN116', 'INT1328', 'CL008', 'Winter', 2023, 5.5),
('B23DCCN117', 'INT1328', 'CL008', 'Winter', 2023, 1.0),
('B23DCCN118', 'INT1328', 'CL008', 'Winter', 2023, 1.5),
('B23DCCN119', 'INT1328', 'CL008', 'Winter', 2023, 2.0),
('B23DCCN120', 'INT1328', 'CL008', 'Winter', 2023, 2.5),
('B23DCCN121', 'INT1328', 'CL008', 'Winter', 2023, 3.0),
('B23DCCN122', 'INT1328', 'CL008', 'Winter', 2023, 3.5),
('B23DCCN123', 'INT1328', 'CL008', 'Winter', 2023, 4.0),
('B23DCCN124', 'INT1328', 'CL008', 'Winter', 2023, 4.5),
('B23DCCN125', 'INT1328', 'CL008', 'Winter', 2023, 5.0),
('B23DCCN126', 'INT1328', 'CL008', 'Winter', 2023, 5.5),
('B23DCCN127', 'INT1328', 'CL008', 'Winter', 2023, 1.0),
('B23DCCN128', 'INT1328', 'CL008', 'Winter', 2023, 1.5),
('B23DCCN129', 'INT1328', 'CL008', 'Winter', 2023, 2.0),
('B23DCCN130', 'INT1328', 'CL008', 'Winter', 2023, 2.5),
('B23DCCN131', 'INT1328', 'CL008', 'Winter', 2023, 3.0),
('B23DCCN132', 'INT1328', 'CL008', 'Winter', 2023, 3.5),
('B23DCCN133', 'INT1328', 'CL008', 'Winter', 2023, 4.0),
('B23DCCN134', 'INT1328', 'CL008', 'Winter', 2023, 4.5),
('B23DCCN135', 'INT1328', 'CL008', 'Winter', 2023, 5.0),
('B23DCCN136', 'INT1328', 'CL008', 'Winter', 2023, 5.5),
('B23DCCN137', 'INT1328', 'CL008', 'Winter', 2023, 1.0),
('B23DCCN138', 'INT1328', 'CL008', 'Winter', 2023, 1.5),
('B23DCCN139', 'INT1328', 'CL008', 'Winter', 2023, 2.0),
('B23DCCN140', 'INT1328', 'CL008', 'Winter', 2023, 2.5),
('B23DCCN141', 'INT1328', 'CL008', 'Winter', 2023, 3.0),
('B23DCCN142', 'INT1328', 'CL008', 'Winter', 2023, 3.5);



INSERT INTO takes (ID, course_id, class_id, semester, year, grade) VALUES
('B23DCVT001', 'ELE0002', 'CL019', 'Spring', 2024, 7.2),
('B23DCVT002', 'ELE0002', 'CL019', 'Spring', 2024, 8.3),
('B23DCVT003', 'ELE0002', 'CL019', 'Spring', 2024, 6.7),
('B23DCVT004', 'ELE0002', 'CL019', 'Spring', 2024, 5.9),
('B23DCVT005', 'ELE0002', 'CL019', 'Spring', 2024, 9.0),
('B23DCVT006', 'ELE0002', 'CL019', 'Spring', 2024, 6.0),
('B23DCVT007', 'ELE0002', 'CL019', 'Spring', 2024, 7.8),
('B23DCVT008', 'ELE0002', 'CL019', 'Spring', 2024, 5.5),
('B23DCVT009', 'ELE0002', 'CL019', 'Spring', 2024, 8.7),
('B23DCVT010', 'ELE0002', 'CL019', 'Spring', 2024, 7.1),
('B23DCVT011', 'ELE0002', 'CL019', 'Spring', 2024, 6.9),
('B23DCVT012', 'ELE0002', 'CL019', 'Spring', 2024, 8.1),
('B23DCVT013', 'ELE0002', 'CL019', 'Spring', 2024, 7.5),
('B23DCVT014', 'ELE0002', 'CL019', 'Spring', 2024, 5.8),
('B23DCVT015', 'ELE0002', 'CL019', 'Spring', 2024, 9.0),
('B23DCVT016', 'ELE0002', 'CL019', 'Spring', 2024, 6.6),
('B23DCVT017', 'ELE0002', 'CL019', 'Spring', 2024, 8.4),
('B23DCVT018', 'ELE0002', 'CL019', 'Spring', 2024, 7.0),
('B23DCVT019', 'ELE0002', 'CL019', 'Spring', 2024, 5.4),
('B23DCVT020', 'ELE0002', 'CL019', 'Spring', 2024, 8.2),
('B23DCVT021', 'ELE0002', 'CL019', 'Spring', 2024, 7.7),
('B23DCVT022', 'ELE0002', 'CL019', 'Spring', 2024, 6.8),
('B23DCVT023', 'ELE0002', 'CL019', 'Spring', 2024, 7.3),
('B23DCVT024', 'ELE0002', 'CL019', 'Spring', 2024, 5.7),
('B23DCVT025', 'ELE0002', 'CL019', 'Spring', 2024, 8.5),
('B23DCVT026', 'ELE0002', 'CL019', 'Spring', 2024, 6.3),
('B23DCVT027', 'ELE0002', 'CL019', 'Spring', 2024, 7.9),
('B23DCVT028', 'ELE0002', 'CL019', 'Spring', 2024, 6.1),
('B23DCVT029', 'ELE0002', 'CL019', 'Spring', 2024, 8.6);


INSERT INTO takes (ID, course_id, class_id, semester, year, grade) VALUES
('B23DCVT030', 'ELE0002', 'CL020', 'Spring', 2024, 6.4),
('B23DCVT031', 'ELE0002', 'CL020', 'Spring', 2024, 7.4),
('B23DCVT032', 'ELE0002', 'CL020', 'Spring', 2024, 5.6),
('B23DCVT033', 'ELE0002', 'CL020', 'Spring', 2024, 8.0),
('B23DCVT034', 'ELE0002', 'CL020', 'Spring', 2024, 7.2),
('B23DCVT035', 'ELE0002', 'CL020', 'Spring', 2024, 6.0),
('B23DCVT036', 'ELE0002', 'CL020', 'Spring', 2024, 8.7),
('B23DCVT037', 'ELE0002', 'CL020', 'Spring', 2024, 7.1),
('B23DCVT038', 'ELE0002', 'CL020', 'Spring', 2024, 5.9),
('B23DCVT039', 'ELE0002', 'CL020', 'Spring', 2024, 6.5),
('B23DCVT040', 'ELE0002', 'CL020', 'Spring', 2024, 7.8),
('B23DCVT041', 'ELE0002', 'CL020', 'Spring', 2024, 5.3),
('B23DCVT042', 'ELE0002', 'CL020', 'Spring', 2024, 8.9),
('B23DCVT043', 'ELE0002', 'CL020', 'Spring', 2024, 7.6),
('B23DCVT044', 'ELE0002', 'CL020', 'Spring', 2024, 6.4),
('B23DCVT045', 'ELE0002', 'CL020', 'Spring', 2024, 6.9),
('B23DCVT046', 'ELE0002', 'CL020', 'Spring', 2024, 8.4),
('B23DCVT047', 'ELE0002', 'CL020', 'Spring', 2024, 7.3),
('B23DCVT048', 'ELE0002', 'CL020', 'Spring', 2024, 5.5),
('B23DCVT049', 'ELE0002', 'CL020', 'Spring', 2024, 8.1),
('B23DCVT050', 'ELE0002', 'CL020', 'Spring', 2024, 6.8),
('B23DCVT051', 'ELE0002', 'CL020', 'Spring', 2024, 7.4),
('B23DCVT052', 'ELE0002', 'CL020', 'Spring', 2024, 5.6),
('B23DCVT053', 'ELE0002', 'CL020', 'Spring', 2024, 8.3),
('B23DCVT054', 'ELE0002', 'CL020', 'Spring', 2024, 7.7),
('B23DCVT055', 'ELE0002', 'CL020', 'Spring', 2024, 6.7),
('B23DCVT056', 'ELE0002', 'CL020', 'Spring', 2024, 6.2),
('B23DCVT057', 'ELE0002', 'CL020', 'Spring', 2024, 8.5),
('B23DCVT058', 'ELE0002', 'CL020', 'Spring', 2024, 7.0),
('B23DCVT059', 'ELE0002', 'CL020', 'Spring', 2024, 6.1),
('B23DCVT060', 'ELE0002', 'CL020', 'Spring', 2024, 9.0);

INSERT INTO Takes (ID, course_id, class_id, semester, year, grade) VALUES
('B21DCPT001', 'MUL1501', 'CL027', 'Fall', 2024, 8.0),
('B21DCPT002', 'MUL1501', 'CL027', 'Fall', 2024, 7.5),
('B21DCPT003', 'MUL1501', 'CL027', 'Fall', 2024, 6.0),
('B21DCPT004', 'MUL1501', 'CL027', 'Fall', 2024, 9.0),
('B21DCPT005', 'MUL1501', 'CL027', 'Fall', 2024, 8.5),
('B21DCPT006', 'MUL1501', 'CL027', 'Fall', 2024, 7.0),
('B21DCPT007', 'MUL1501', 'CL027', 'Fall', 2024, 6.5),
('B21DCPT008', 'MUL1501', 'CL027', 'Fall', 2024, 5.0),
('B21DCPT009', 'MUL1501', 'CL027', 'Fall', 2024, 9.5),
('B21DCPT010', 'MUL1501', 'CL027', 'Fall', 2024, 7.5),
('B21DCPT011', 'MUL1501', 'CL027', 'Fall', 2024, 6.0),
('B21DCPT012', 'MUL1501', 'CL027', 'Fall', 2024, 8.0),
('B21DCPT013', 'MUL1501', 'CL027', 'Fall', 2024, 7.0),
('B21DCPT014', 'MUL1501', 'CL027', 'Fall', 2024, 6.5),
('B21DCPT015', 'MUL1501', 'CL027', 'Fall', 2024, 5.5),
('B21DCPT016', 'MUL1501', 'CL027', 'Fall', 2024, 8.5),
('B21DCPT017', 'MUL1501', 'CL027', 'Fall', 2024, 9.0),
('B21DCPT018', 'MUL1501', 'CL027', 'Fall', 2024, 7.5),
('B21DCPT019', 'MUL1501', 'CL027', 'Fall', 2024, 6.0),
('B21DCPT020', 'MUL1501', 'CL027', 'Fall', 2024, 7.0),
('B21DCPT021', 'MUL1501', 'CL027', 'Fall', 2024, 8.0),
('B21DCPT022', 'MUL1501', 'CL027', 'Fall', 2024, 9.5),
('B21DCPT023', 'MUL1501', 'CL027', 'Fall', 2024, 7.0),
('B21DCPT024', 'MUL1501', 'CL027', 'Fall', 2024, 6.5),
('B21DCPT025', 'MUL1501', 'CL027', 'Fall', 2024, 5.5),
('B21DCPT026', 'MUL1501', 'CL027', 'Fall', 2024, 8.5),
('B21DCPT027', 'MUL1501', 'CL027', 'Fall', 2024, 7.5),
('B21DCPT028', 'MUL1501', 'CL027', 'Fall', 2024, 6.0),
('B21DCPT029', 'MUL1501', 'CL027', 'Fall', 2024, 9.0),
('B21DCPT030', 'MUL1501', 'CL027', 'Fall', 2024, 7.5);

INSERT INTO Takes (ID, course_id, class_id, semester, year, grade) VALUES
('B21DCPT031', 'MUL1501', 'CL028', 'Fall', 2024, 8.0),
('B21DCPT032', 'MUL1501', 'CL028', 'Fall', 2024, 7.5),
('B21DCPT033', 'MUL1501', 'CL028', 'Fall', 2024, 6.0),
('B21DCPT034', 'MUL1501', 'CL028', 'Fall', 2024, 9.0),
('B21DCPT035', 'MUL1501', 'CL028', 'Fall', 2024, 8.5),
('B21DCPT036', 'MUL1501', 'CL028', 'Fall', 2024, 7.0),
('B21DCPT037', 'MUL1501', 'CL028', 'Fall', 2024, 6.5),
('B21DCPT038', 'MUL1501', 'CL028', 'Fall', 2024, 5.0),
('B21DCPT039', 'MUL1501', 'CL028', 'Fall', 2024, 9.5),
('B21DCPT040', 'MUL1501', 'CL028', 'Fall', 2024, 7.5),
('B21DCPT041', 'MUL1501', 'CL028', 'Fall', 2024, 6.0),
('B21DCPT042', 'MUL1501', 'CL028', 'Fall', 2024, 8.0),
('B21DCPT043', 'MUL1501', 'CL028', 'Fall', 2024, 7.0),
('B21DCPT044', 'MUL1501', 'CL028', 'Fall', 2024, 6.5),
('B21DCPT045', 'MUL1501', 'CL028', 'Fall', 2024, 5.5),
('B21DCPT046', 'MUL1501', 'CL028', 'Fall', 2024, 8.5),
('B21DCPT047', 'MUL1501', 'CL028', 'Fall', 2024, 9.0),
('B21DCPT048', 'MUL1501', 'CL028', 'Fall', 2024, 7.5),
('B21DCPT049', 'MUL1501', 'CL028', 'Fall', 2024, 6.0),
('B21DCPT050', 'MUL1501', 'CL028', 'Fall', 2024, 7.0),
('B21DCPT051', 'MUL1501', 'CL028', 'Fall', 2024, 8.0),
('B21DCPT052', 'MUL1501', 'CL028', 'Fall', 2024, 9.5),
('B21DCPT053', 'MUL1501', 'CL028', 'Fall', 2024, 7.0),
('B21DCPT054', 'MUL1501', 'CL028', 'Fall', 2024, 6.5),
('B21DCPT055', 'MUL1501', 'CL028', 'Fall', 2024, 5.5),
('B21DCPT056', 'MUL1501', 'CL028', 'Fall', 2024, 8.5),
('B21DCPT057', 'MUL1501', 'CL028', 'Fall', 2024, 7.5),
('B21DCPT058', 'MUL1501', 'CL028', 'Fall', 2024, 6.0),
('B21DCPT059', 'MUL1501', 'CL028', 'Fall', 2024, 9.0),
('B21DCPT060', 'MUL1501', 'CL028', 'Fall', 2024, 7.5);

INSERT INTO Takes (ID, course_id, class_id, semester, year, grade) VALUES
('B23DCPT001', 'MUL1454', 'CL017', 'Summer', 2023, 8.5),
('B23DCPT002', 'MUL1454', 'CL017', 'Summer', 2023, 7.0),
('B23DCPT003', 'MUL1454', 'CL017', 'Summer', 2023, 9.1),
('B23DCPT004', 'MUL1454', 'CL017', 'Summer', 2023, 6.8),
('B23DCPT005', 'MUL1454', 'CL017', 'Summer', 2023, 7.5),
('B23DCPT006', 'MUL1454', 'CL017', 'Summer', 2023, 8.0),
('B23DCPT007', 'MUL1454', 'CL017', 'Summer', 2023, 6.0),
('B23DCPT008', 'MUL1454', 'CL017', 'Summer', 2023, 7.8),
('B23DCPT009', 'MUL1454', 'CL017', 'Summer', 2023, 9.0),
('B23DCPT010', 'MUL1454', 'CL017', 'Summer', 2023, 7.2),
('B23DCPT011', 'MUL1454', 'CL017', 'Summer', 2023, 8.3),
('B23DCPT012', 'MUL1454', 'CL017', 'Summer', 2023, 6.5),
('B23DCPT013', 'MUL1454', 'CL017', 'Summer', 2023, 9.4),
('B23DCPT014', 'MUL1454', 'CL017', 'Summer', 2023, 8.6),
('B23DCPT015', 'MUL1454', 'CL017', 'Summer', 2023, 7.9),
('B23DCPT016', 'MUL1454', 'CL017', 'Summer', 2023, 6.3),
('B23DCPT017', 'MUL1454', 'CL017', 'Summer', 2023, 7.4),
('B23DCPT018', 'MUL1454', 'CL017', 'Summer', 2023, 6.9),
('B23DCPT019', 'MUL1454', 'CL017', 'Summer', 2023, 8.7),
('B23DCPT020', 'MUL1454', 'CL017', 'Summer', 2023, 7.3),
('B23DCPT021', 'MUL1454', 'CL017', 'Summer', 2023, 9.2),
('B23DCPT022', 'MUL1454', 'CL017', 'Summer', 2023, 6.7),
('B23DCPT023', 'MUL1454', 'CL017', 'Summer', 2023, 8.1),
('B23DCPT024', 'MUL1454', 'CL017', 'Summer', 2023, 7.6),
('B23DCPT025', 'MUL1454', 'CL017', 'Summer', 2023, 6.4),
('B23DCPT026', 'MUL1454', 'CL017', 'Summer', 2023, 9.5),
('B23DCPT027', 'MUL1454', 'CL017', 'Summer', 2023, 7.1),
('B23DCPT028', 'MUL1454', 'CL017', 'Summer', 2023, 8.4),
('B23DCPT029', 'MUL1454', 'CL017', 'Summer', 2023, 6.2),
('B23DCPT030', 'MUL1454', 'CL017', 'Summer', 2023, 7.7),

('B23DCPT031', 'MUL1454', 'CL018', 'Summer', 2023, 8.1),
('B23DCPT032', 'MUL1454', 'CL018', 'Summer', 2023, 7.3),
('B23DCPT033', 'MUL1454', 'CL018', 'Summer', 2023, 9.0),
('B23DCPT034', 'MUL1454', 'CL018', 'Summer', 2023, 6.5),
('B23DCPT035', 'MUL1454', 'CL018', 'Summer', 2023, 7.7),
('B23DCPT036', 'MUL1454', 'CL018', 'Summer', 2023, 8.9),
('B23DCPT037', 'MUL1454', 'CL018', 'Summer', 2023, 6.1),
('B23DCPT038', 'MUL1454', 'CL018', 'Summer', 2023, 7.2),
('B23DCPT039', 'MUL1454', 'CL018', 'Summer', 2023, 9.3),
('B23DCPT040', 'MUL1454', 'CL018', 'Summer', 2023, 8.4),
('B23DCPT041', 'MUL1454', 'CL018', 'Summer', 2023, 6.8),
('B23DCPT042', 'MUL1454', 'CL018', 'Summer', 2023, 7.9),
('B23DCPT043', 'MUL1454', 'CL018', 'Summer', 2023, 6.6),
('B23DCPT044', 'MUL1454', 'CL018', 'Summer', 2023, 8.2),
('B23DCPT045', 'MUL1454', 'CL018', 'Summer', 2023, 9.4),
('B23DCPT046', 'MUL1454', 'CL018', 'Summer', 2023, 7.5),
('B23DCPT047', 'MUL1454', 'CL018', 'Summer', 2023, 8.7),
('B23DCPT048', 'MUL1454', 'CL018', 'Summer', 2023, 6.9),
('B23DCPT049', 'MUL1454', 'CL018', 'Summer', 2023, 7.8),
('B23DCPT050', 'MUL1454', 'CL018', 'Summer', 2023, 6.4),
('B23DCPT051', 'MUL1454', 'CL018', 'Summer', 2023, 8.0),
('B23DCPT052', 'MUL1454', 'CL018', 'Summer', 2023, 7.1),
('B23DCPT053', 'MUL1454', 'CL018', 'Summer', 2023, 6.3),
('B23DCPT054', 'MUL1454', 'CL018', 'Summer', 2023, 7.0),
('B23DCPT055', 'MUL1454', 'CL018', 'Summer', 2023, 8.5),
('B23DCPT056', 'MUL1454', 'CL018', 'Summer', 2023, 9.2),
('B23DCPT057', 'MUL1454', 'CL018', 'Summer', 2023, 6.7),
('B23DCPT058', 'MUL1454', 'CL018', 'Summer', 2023, 7.6),
('B23DCPT059', 'MUL1454', 'CL018', 'Summer', 2023, 9.0),
('B23DCPT060', 'MUL1454', 'CL018', 'Summer', 2023, 6.2),

('B21DCPT001', 'MUL1454', 'CL021', 'Summer', 2024, 7.0),
('B21DCPT002', 'MUL1454', 'CL021', 'Summer', 2024, 8.5),
('B21DCPT003', 'MUL1454', 'CL021', 'Summer', 2024, 6.8),
('B21DCPT004', 'MUL1454', 'CL021', 'Summer', 2024, 7.3),
('B21DCPT005', 'MUL1454', 'CL021', 'Summer', 2024, 9.0),
('B21DCPT006', 'MUL1454', 'CL021', 'Summer', 2024, 8.4),
('B21DCPT007', 'MUL1454', 'CL021', 'Summer', 2024, 6.7),
('B21DCPT008', 'MUL1454', 'CL021', 'Summer', 2024, 7.2),
('B21DCPT009', 'MUL1454', 'CL021', 'Summer', 2024, 8.1),
('B21DCPT010', 'MUL1454', 'CL021', 'Summer', 2024, 7.6),
('B21DCPT011', 'MUL1454', 'CL021', 'Summer', 2024, 6.5),
('B21DCPT012', 'MUL1454', 'CL021', 'Summer', 2024, 9.2),
('B21DCPT013', 'MUL1454', 'CL021', 'Summer', 2024, 7.8),
('B21DCPT014', 'MUL1454', 'CL021', 'Summer', 2024, 6.3),
('B21DCPT015', 'MUL1454', 'CL021', 'Summer', 2024, 8.9),
('B21DCPT016', 'MUL1454', 'CL021', 'Summer', 2024, 7.4),
('B21DCPT017', 'MUL1454', 'CL021', 'Summer', 2024, 6.9),
('B21DCPT018', 'MUL1454', 'CL021', 'Summer', 2024, 8.2),
('B21DCPT019', 'MUL1454', 'CL021', 'Summer', 2024, 7.3),
('B21DCPT020', 'MUL1454', 'CL021', 'Summer', 2024, 6.8),
('B21DCPT021', 'MUL1454', 'CL021', 'Summer', 2024, 9.1),
('B21DCPT022', 'MUL1454', 'CL021', 'Summer', 2024, 7.0),
('B21DCPT023', 'MUL1454', 'CL021', 'Summer', 2024, 8.6),
('B21DCPT024', 'MUL1454', 'CL021', 'Summer', 2024, 6.2),
('B21DCPT025', 'MUL1454', 'CL021', 'Summer', 2024, 8.7),
('B21DCPT026', 'MUL1454', 'CL021', 'Summer', 2024, 7.5),
('B21DCPT027', 'MUL1454', 'CL021', 'Summer', 2024, 6.6),
('B21DCPT028', 'MUL1454', 'CL021', 'Summer', 2024, 9.3),
('B21DCPT029', 'MUL1454', 'CL021', 'Summer', 2024, 8.0),
('B21DCPT030', 'MUL1454', 'CL021', 'Summer', 2024, 7.1),
('B21DCPT031', 'MUL1454', 'CL022', 'Summer', 2024, 7.4),
('B21DCPT032', 'MUL1454', 'CL022', 'Summer', 2024, 8.9),
('B21DCPT033', 'MUL1454', 'CL022', 'Summer', 2024, 6.1),
('B21DCPT034', 'MUL1454', 'CL022', 'Summer', 2024, 7.2),
('B21DCPT035', 'MUL1454', 'CL022', 'Summer', 2024, 8.3),
('B21DCPT036', 'MUL1454', 'CL022', 'Summer', 2024, 6.5),
('B21DCPT037', 'MUL1454', 'CL022', 'Summer', 2024, 9.0),
('B21DCPT038', 'MUL1454', 'CL022', 'Summer', 2024, 7.1),
('B21DCPT039', 'MUL1454', 'CL022', 'Summer', 2024, 8.8),
('B21DCPT040', 'MUL1454', 'CL022', 'Summer', 2024, 6.7),
('B21DCPT041', 'MUL1454', 'CL022', 'Summer', 2024, 9.2),
('B21DCPT042', 'MUL1454', 'CL022', 'Summer', 2024, 7.5),
('B21DCPT043', 'MUL1454', 'CL022', 'Summer', 2024, 6.8),
('B21DCPT044', 'MUL1454', 'CL022', 'Summer', 2024, 8.0),
('B21DCPT045', 'MUL1454', 'CL022', 'Summer', 2024, 7.6),
('B21DCPT046', 'MUL1454', 'CL022', 'Summer', 2024, 6.9),
('B21DCPT047', 'MUL1454', 'CL022', 'Summer', 2024, 7.4),
('B21DCPT048', 'MUL1454', 'CL022', 'Summer', 2024, 9.1),
('B21DCPT049', 'MUL1454', 'CL022', 'Summer', 2024, 7.0),
('B21DCPT050', 'MUL1454', 'CL022', 'Summer', 2024, 8.2),
('B21DCPT051', 'MUL1454', 'CL022', 'Summer', 2024, 6.4),
('B21DCPT052', 'MUL1454', 'CL022', 'Summer', 2024, 9.4),
('B21DCPT053', 'MUL1454', 'CL022', 'Summer', 2024, 7.9),
('B21DCPT054', 'MUL1454', 'CL022', 'Summer', 2024, 8.7),
('B21DCPT055', 'MUL1454', 'CL022', 'Summer', 2024, 6.3),
('B21DCPT056', 'MUL1454', 'CL022', 'Summer', 2024, 7.1),
('B21DCPT057', 'MUL1454', 'CL022', 'Summer', 2024, 8.6),
('B21DCPT058', 'MUL1454', 'CL022', 'Summer', 2024, 7.8),
('B21DCPT059', 'MUL1454', 'CL022', 'Summer', 2024, 6.0),
('B21DCPT060', 'MUL1454', 'CL022', 'Summer', 2024, 9.2);

INSERT INTO Takes (ID, course_id, class_id, semester, year, grade) VALUES
('B23DCCB001', 'BAS1111', 'CL023', 'Summer', 2022, 8.0),
('B23DCCB002', 'BAS1111', 'CL023', 'Summer', 2022, 7.5),
('B23DCCB003', 'BAS1111', 'CL023', 'Summer', 2022, 9.0),
('B23DCCB004', 'BAS1111', 'CL023', 'Summer', 2022, 6.0),
('B23DCCB005', 'BAS1111', 'CL023', 'Summer', 2022, 7.0),
('B23DCCB006', 'BAS1111', 'CL023', 'Summer', 2022, 8.5),
('B23DCCB007', 'BAS1111', 'CL023', 'Summer', 2022, 6.5),
('B23DCCB008', 'BAS1111', 'CL023', 'Summer', 2022, 9.5),
('B23DCCB009', 'BAS1111', 'CL023', 'Summer', 2022, 7.0),
('B23DCCB010', 'BAS1111', 'CL023', 'Summer', 2022, 5.0),
('B23DCCB011', 'BAS1111', 'CL023', 'Summer', 2022, 8.0),
('B23DCCB012', 'BAS1111', 'CL023', 'Summer', 2022, 7.5),
('B23DCCB013', 'BAS1111', 'CL023', 'Summer', 2022, 6.0),
('B23DCCB014', 'BAS1111', 'CL023', 'Summer', 2022, 9.0),
('B23DCCB015', 'BAS1111', 'CL023', 'Summer', 2022, 7.0),
('B23DCCB016', 'BAS1111', 'CL023', 'Summer', 2022, 8.5),
('B23DCCB017', 'BAS1111', 'CL023', 'Summer', 2022, 6.5),
('B23DCCB018', 'BAS1111', 'CL023', 'Summer', 2022, 7.5),
('B23DCCB019', 'BAS1111', 'CL023', 'Summer', 2022, 5.5),
('B23DCCB020', 'BAS1111', 'CL023', 'Summer', 2022, 9.5),
('B23DCCB021', 'BAS1111', 'CL023', 'Summer', 2022, 8.0),
('B23DCCB022', 'BAS1111', 'CL023', 'Summer', 2022, 7.5),
('B23DCCB023', 'BAS1111', 'CL023', 'Summer', 2022, 6.0),
('B23DCCB024', 'BAS1111', 'CL023', 'Summer', 2022, 8.0),
('B23DCCB025', 'BAS1111', 'CL023', 'Summer', 2022, 9.0),
('B23DCCB026', 'BAS1111', 'CL023', 'Summer', 2022, 7.5),
('B23DCCB027', 'BAS1111', 'CL023', 'Summer', 2022, 6.5),
('B23DCCB028', 'BAS1111', 'CL023', 'Summer', 2022, 8.0),
('B23DCCB029', 'BAS1111', 'CL023', 'Summer', 2022, 9.0),
('B23DCCB030', 'BAS1111', 'CL023', 'Summer', 2022, 7.0),
('B22DCCB001', 'BAS1111', 'CL024', 'Summer', 2022, 6.5),
('B22DCCB002', 'BAS1111', 'CL024', 'Summer', 2022, 7.0),
('B22DCCB003', 'BAS1111', 'CL024', 'Summer', 2022, 7.5),
('B22DCCB004', 'BAS1111', 'CL024', 'Summer', 2022, 5.0),
('B22DCCB005', 'BAS1111', 'CL024', 'Summer', 2022, 6.0),
('B22DCCB006', 'BAS1111', 'CL024', 'Summer', 2022, 8.5),
('B22DCCB007', 'BAS1111', 'CL024', 'Summer', 2022, 7.5),
('B22DCCB008', 'BAS1111', 'CL024', 'Summer', 2022, 8.0),
('B22DCCB009', 'BAS1111', 'CL024', 'Summer', 2022, 6.5),
('B22DCCB010', 'BAS1111', 'CL024', 'Summer', 2022, 7.0),
('B22DCCB011', 'BAS1111', 'CL024', 'Summer', 2022, 6.0),
('B22DCCB012', 'BAS1111', 'CL024', 'Summer', 2022, 7.5),
('B22DCCB013', 'BAS1111', 'CL024', 'Summer', 2022, 8.0),
('B22DCCB014', 'BAS1111', 'CL024', 'Summer', 2022, 5.5),
('B22DCCB015', 'BAS1111', 'CL024', 'Summer', 2022, 9.0),
('B22DCCB016', 'BAS1111', 'CL024', 'Summer', 2022, 7.0),
('B22DCCB017', 'BAS1111', 'CL024', 'Summer', 2022, 6.0),
('B22DCCB018', 'BAS1111', 'CL024', 'Summer', 2022, 8.5),
('B22DCCB019', 'BAS1111', 'CL024', 'Summer', 2022, 5.5),
('B22DCCB020', 'BAS1111', 'CL024', 'Summer', 2022, 6.5),
('B22DCCB021', 'BAS1111', 'CL024', 'Summer', 2022, 7.0),
('B22DCCB022', 'BAS1111', 'CL024', 'Summer', 2022, 8.0),
('B22DCCB023', 'BAS1111', 'CL024', 'Summer', 2022, 7.5),
('B22DCCB024', 'BAS1111', 'CL024', 'Summer', 2022, 6.0),
('B22DCCB025', 'BAS1111', 'CL024', 'Summer', 2022, 8.5),
('B22DCCB026', 'BAS1111', 'CL024', 'Summer', 2022, 9.0),
('B22DCCB027', 'BAS1111', 'CL024', 'Summer', 2022, 6.5),
('B22DCCB028', 'BAS1111', 'CL024', 'Summer', 2022, 7.0),
('B22DCCB029', 'BAS1111', 'CL024', 'Summer', 2022, 7.5),
('B22DCCB030', 'BAS1111', 'CL024', 'Summer', 2022, 8.0),
('B21DCCB001', 'BAS1111', 'CL025', 'Summer', 2022, 9.0),
('B21DCCB002', 'BAS1111', 'CL025', 'Summer', 2022, 6.0),
('B21DCCB003', 'BAS1111', 'CL025', 'Summer', 2022, 7.5),
('B21DCCB004', 'BAS1111', 'CL025', 'Summer', 2022, 8.0),
('B21DCCB005', 'BAS1111', 'CL025', 'Summer', 2022, 7.0),
('B21DCCB006', 'BAS1111', 'CL025', 'Summer', 2022, 6.5),
('B21DCCB007', 'BAS1111', 'CL025', 'Summer', 2022, 8.5),
('B21DCCB008', 'BAS1111', 'CL025', 'Summer', 2022, 5.5),
('B21DCCB009', 'BAS1111', 'CL025', 'Summer', 2022, 7.0),
('B21DCCB010', 'BAS1111', 'CL025', 'Summer', 2022, 9.5),
('B21DCCB011', 'BAS1111', 'CL025', 'Summer', 2022, 6.0),
('B21DCCB012', 'BAS1111', 'CL025', 'Summer', 2022, 8.0),
('B21DCCB013', 'BAS1111', 'CL025', 'Summer', 2022, 7.5),
('B21DCCB014', 'BAS1111', 'CL025', 'Summer', 2022, 5.0),
('B21DCCB015', 'BAS1111', 'CL025', 'Summer', 2022, 9.0),
('B21DCCB016', 'BAS1111', 'CL025', 'Summer', 2022, 6.0),
('B21DCCB017', 'BAS1111', 'CL025', 'Summer', 2022, 8.5),
('B21DCCB018', 'BAS1111', 'CL025', 'Summer', 2022, 7.0),
('B21DCCB019', 'BAS1111', 'CL025', 'Summer', 2022, 9.5),
('B21DCCB020', 'BAS1111', 'CL025', 'Summer', 2022, 6.5),
('B21DCCB021', 'BAS1111', 'CL025', 'Summer', 2022, 7.5),
('B21DCCB022', 'BAS1111', 'CL025', 'Summer', 2022, 5.5),
('B21DCCB023', 'BAS1111', 'CL025', 'Summer', 2022, 8.0),
('B21DCCB024', 'BAS1111', 'CL025', 'Summer', 2022, 9.0),
('B21DCCB025', 'BAS1111', 'CL025', 'Summer', 2022, 7.0),
('B21DCCB026', 'BAS1111', 'CL025', 'Summer', 2022, 6.0),
('B21DCCB027', 'BAS1111', 'CL025', 'Summer', 2022, 8.5),
('B21DCCB028', 'BAS1111', 'CL025', 'Summer', 2022, 7.5),
('B21DCCB029', 'BAS1111', 'CL025', 'Summer', 2022, 9.0),
('B21DCCB030', 'BAS1111', 'CL025', 'Summer', 2022, 5.5),
('B23DCCB001', 'BAS1111', 'CL026', 'Summer', 2022, 7.5),
('B23DCCB002', 'BAS1111', 'CL026', 'Summer', 2022, 8.0),
('B23DCCB003', 'BAS1111', 'CL026', 'Summer', 2022, 9.0),
('B23DCCB004', 'BAS1111', 'CL026', 'Summer', 2022, 6.0),
('B23DCCB005', 'BAS1111', 'CL026', 'Summer', 2022, 7.5),
('B23DCCB006', 'BAS1111', 'CL026', 'Summer', 2022, 8.5),
('B23DCCB007', 'BAS1111', 'CL026', 'Summer', 2022, 7.0),
('B23DCCB008', 'BAS1111', 'CL026', 'Summer', 2022, 6.5),
('B23DCCB009', 'BAS1111', 'CL026', 'Summer', 2022, 7.0),
('B23DCCB010', 'BAS1111', 'CL026', 'Summer', 2022, 8.0),
('B23DCCB011', 'BAS1111', 'CL026', 'Summer', 2022, 6.5),
('B23DCCB012', 'BAS1111', 'CL026', 'Summer', 2022, 7.5),
('B23DCCB013', 'BAS1111', 'CL026', 'Summer', 2022, 5.0),
('B23DCCB014', 'BAS1111', 'CL026', 'Summer', 2022, 8.5),
('B23DCCB015', 'BAS1111', 'CL026', 'Summer', 2022, 9.0),
('B23DCCB016', 'BAS1111', 'CL026', 'Summer', 2022, 7.5),
('B23DCCB017', 'BAS1111', 'CL026', 'Summer', 2022, 8.0),
('B23DCCB018', 'BAS1111', 'CL026', 'Summer', 2022, 6.0),
('B23DCCB019', 'BAS1111', 'CL026', 'Summer', 2022, 7.5),
('B23DCCB020', 'BAS1111', 'CL026', 'Summer', 2022, 9.5),
('B23DCCB021', 'BAS1111', 'CL026', 'Summer', 2022, 7.0),
('B23DCCB022', 'BAS1111', 'CL026', 'Summer', 2022, 5.5),
('B23DCCB023', 'BAS1111', 'CL026', 'Summer', 2022, 6.0),
('B23DCCB024', 'BAS1111', 'CL026', 'Summer', 2022, 8.5),
('B23DCCB025', 'BAS1111', 'CL026', 'Summer', 2022, 6.0),
('B23DCCB026', 'BAS1111', 'CL026', 'Summer', 2022, 7.5),
('B23DCCB027', 'BAS1111', 'CL026', 'Summer', 2022, 9.0),
('B23DCCB028', 'BAS1111', 'CL026', 'Summer', 2022, 5.0),
('B23DCCB029', 'BAS1111', 'CL026', 'Summer', 2022, 8.5),
('B23DCCB030', 'BAS1111', 'CL026', 'Summer', 2022, 7.0);